policy_id,pam_id,reported_end_year,legacy,legacy_evidence
IRL_P0001,1,,not_applicable_open,"Voluntary network of companies working to maintain strong energy management and environmental protection practices. Under the With Existing Measures scenario, it is assumed that new savings continue to accrue at the 2024 level each year until 2030."
IRL_P0002,2,,not_applicable_open,"The Accelerated Capital Allowance for Energy Efficiency Equipment (ACA), introduced in 2008, aims to improve the energy efficiency of Irish companies by encouraging them to purchase energy saving technologies. The ACA is a tax incentive for companies paying corporation tax and aims to encourage investment in energy efficient equipment. The ACA offers an attractive incentive whereby it allows companies to write off 100% of the purchase value of qualifying energy efficient equipment against their profit in the year of purchase. Under the With Existing Measures scenario, it is assumed that new savings continue to accrue each year until 2030."
IRL_P0003,3,2011.0,continues,"The CHP Deployment programme provided grants for selected renewable and alternative heat sources and was designed to prime the market and to establish a supply chain. The CHP Deployment programme provided grant aid towards the installation of small scale CHP, up to 1 MWe at sites with a suitable heat load. While this PaM expired in 2011, it is expected to continue to have an effect on GHG emissions reductions."
IRL_P0004,4,2011.0,continues,"The ReHeat programme provided grants for selected renewable and alternative heat sources and was designed to prime the market and to establish a supply chain. While this PaM expired in 2011, it is expected to continue to have an effect on GHG emissions reductions."
IRL_P0005,5,,not_applicable_open,"The Carbon Tax incorporates a price signal for carbon in the non-ETS sector, specifically fuels used for heating and transport. The tax applies to petrol, diesel, kerosene, marked gas oil (for agricultural use), Liquid Petroleum Gas (LPG), fuel oil, natural gas, coal and commercial peat. This measure reflects an estimate of the reduction in energy consumption resulting from carbon tax using short term price elasticities and energy projections under the With Existing Measures scenario."
IRL_P0006,6,,not_applicable_open,"The programme aims to increase energy efficiency by providing a range of funded services including advice, mentoring and training to participating Public Sector bodies. Implementation of measures to enable the public sector contribute to its requirements under the national target of increasing energy efficiency nationally by 20% by 2020. A methodology update to calculate energy savings associated with this PaM is being developed by the SEAI so, currently,savings have been frozen at the 2020 value under the With Existing Measures (WEM) scenario."
IRL_P0007,7,2010.0,continues,"The Supports for Exemplar Energy Efficiency Projects (SEEEP) programme aimed to achieve significant energy efficiency gains through increasing the capability of the supply chain and stimulating direct employment focusing on energy efficiency projects. The Energy Efficiency Retrofit Fund (EERF) provided for funding towards the implementation of a limited number of qualifying energy efficiency projects. Better Energy Workplaces relates to stimulating energy-saving actions in the business and public sectors. While this PaM expired in 2010, it is expected to continue to have an effect on GHG emissions reductions."
IRL_P0008,8,2022.0,continues,"The programme aims to increase energy efficiency in SMEs through providing advice, mentoring, training and grant-funding to participating SMEs While this PaM expired in 2022, it is expected to continue to have an effect on GHG emissions reductions."
IRL_P0009,9,2014.0,continues,"The measure imposes minimum efficiency standards for new Buildings other than Dwellings. While this PaM expired in 2014, it is expected to continue to have an effect on GHG emissions reductions."
IRL_P0010,10,2008.0,continues,"The measure imposes minimum efficiency standards for new dwellings from 2002 onwards. The 2002 Part L Building Regulations was the first in a series of incrementally improved efficiency standards which is now moving towards low to zero carbon housing. While this PaM expired in 2008, it is expected to continue to have an effect on GHG emissions reductions."
IRL_P0011,11,2011.0,continues,"The 2008 Part L Building Regulations for Dwellings were one of a series of incrementally improved efficiency standards which is now moving towards low to zero carbon housing. While this PaM expired in 2011, it is expected to continue to have an effect on GHG emissions reductions."
IRL_P0012,12,2019.0,continues,"The 2011 Part L Building Regulations for dwellings are one of a series of incrementally improved efficiency standards which is moving towards low to zero carbon housing. The measure imposes minimum efficiency standards for new dwellings. While this PaM expired in 2012, it is expected to continue to have an effect on GHG emissions reductions."
IRL_P0013,13,2022.0,continues,"The measure set a minimum seasonal efficiency of 86% for boilers installed in existing or new dwellings from 2008 and 90% from 2011. The 2008 Part L Building Regulations imposed a minimum boiler efficiency of 86% for all boilers installed in new or existing buildings. This was further improved to a minimum boiler efficiency of 90% in 2011 Building Regulations. While this PaM expired in 2022, it is expected to continue to have an effect on GHG emissions reductions."
IRL_P0014,14,2016.0,continues,"The measure is a phasing out of incandescent lights through the Energy related Products Directive (2009/125/EC) and Commission Regulation (EC) No 244/2009. Commission Regulation (EC) No 244/2009 of 18 March 2009 implements Directive 2005/32/EC (superseded by Directive 2009/125/EC) with regard to eco-design requirements for non-directional household lamps. The regulation provides for the phased introduction of minimum efficiency standards for lamps and effectively phases out incandescent lamps. While this PaM expired in 2016, it is expected to continue to have an effect on GHG emissions reductions."
IRL_P0015,15,2011.0,continues,"The measure provided grant aid for the installation of renewable domestic heating systems. While this PaM expired in 2011, it is expected to continue to have an effect on GHG emissions reductions."
IRL_P0016,16,,not_applicable_open,"The measure targets vulnerable and fuel poor homes and provides funding for the installation of domestic energy efficiency upgrades via regional not-for-profit organisations and private contractors. Under the With Existing Measures scenario, it is assumed that new savings continue to accrue each year until 2030."
IRL_P0017,17,,not_applicable_open,"Stimulating energy-efficiency actions to reduce energy usage by homeowners and the general public. Sustainable Energy Authority of Ireland grant-aids householders who want to make their homes more energy-efficient by providing incentives towards the implementation of energy efficiency measures including attic and wall insulation and heating controls with efficient boilers and/or solar thermal. Under the With Existing Measures scenario, it is assumed that new savings continue to accrue each year until 2030."
IRL_P0018,18,,not_applicable_open,"This PaM reflects the effects of a number of different schemes that support the uptake of electric vehicles on energy and emissions reductions. Under the With Existing Measures scenario, a total Electric Vehicle stock of  ~327,000 by 2030,representing 12.2% of the total stock, is assumed. It is also assumed that PHEV sales continue post 2035."
IRL_P0019,19,2020.0,continues,"The measure was a fundamental shift in the Vehicle Registration Tax and Annual Motor Tax regime whereby vehicles have been taxed on the basis of their CO2 emission levels since 1st July 2008. While this PaM expired in 2020, it is expected to continue to have an effect on GHG emissions reductions."
IRL_P0020,20,2019.0,ends,This PaM expired in 2019 and no longer has an effect on GHG emissions.
IRL_P0021,21,2020.0,continues,"The aim is to increase operational efficiency in aviation through international co-operation in air space control. The Irish and UK National Supervisory Authorities (NSAs) created the UK-Ireland Functional Airspace Block in 2008 to create a seamless and cost efficient operation across joint airspace. This has included efficiency in savings of fuel and CO2 emissions. While this PaM expired in 220, it is expected to continue to have an effect on GHG emissions reductions."
IRL_P0023,23,,not_applicable_open,"The Directive lays down the requirements for the EC type-approval or national type-approval of vehicles as regards emissions from, and the safe functioning of, air conditioning systems fitted to vehicles. It also lays down provisions on retrofitting and refilling of such systems. Ex-ante savings are based on EPA estimates of savings resulting from the impact of the Mobile Air Conditioning Directive by comparing a WEM projection with a counterfactual scenario where the Directive does not exist.
Under the counterfactual scenario, it is assumed that 100% of passenger cars and Goods/Commercial vehicles have AC units with a high GWP (>150). This differs to the With Existing Measures Measures (WEM) scenario where a percentage of passenger cars and Goods/Commercial vehicles have AC units with a low GWP. The difference in emissions between these two scenarios provides an estimated saving as a result of the Directive."
IRL_P0024,24,,not_applicable_open,"Ex-ante savings are based on EPA estimates of savings resulting from the impact of the Landfill Directive by comparing a WEM projection with a counterfactual scenario where the Directive does not exist.
Under the counterfactual scenario, it is assumed that municipal solid waste remains at 2010 levels across the time series. The fraction of recovered methane assumed is the average of fractions for the period 2005 to 2010. This differs to the With Existing Measures (WEM) scenario where municipal solid waste decreases across the time series. The difference in emissions between these two scenarios provides an estimate saving as a result of the Directive."
IRL_P0025,25,,not_applicable_open,"The Economic Breeding Index (EBI) for dairy cattle is a breeding tool that focuses on improving the economic and environmental performance of dairy herds. By selecting breeding bulls and cows with favorable genetic traits for milk production efficiency and lower emissions, such as reduced methane output, the EBI contributes to the overall reduction of greenhouse gas emissions associated with dairy farming."
IRL_P0026,26,,not_applicable_open,"This measure encompasses the deployment of renewables in electricity generation under the With Existing Measures (WEM) scenario. Estimates of ex-ante emissions savings for this measure are underpinned by energy projections for electricity generation under the WEM scenario.

The methodology estimating the effects of this measure on GHG emissions reductions is based on the assumption that the amount of electricity generated from renewables (e.g. wind, Solar PV) under the WEM scenario displaces GHG emissions that would have been produced if natural gas was used to generate an equal amount of electricity. From the 2025 reporting cycle onwards, the methodology accounts for the average efficiency of natural gas power plants.

This PaM will be further refined in future reporting following exploratory analyses in 2026 on PaM categorisation and alignment with the definition of a single PaM on page 200 of the 2025 Reporting Guidelines for Integrated Policies and Measures."
IRL_P0027,27,,not_applicable_open,"This measure encompasses the deployment of biofuels under the With Existing Measures (WEM) scenario. Estimates of ex-ante emissions savings for this measure are underpinned by energy and greenhouse gas projections for transport under the WEM scenario.

The effect of this measure on GHG emissions reductions represents CO2 emissions from the biogenic portion of bioethanol and biodiesel.

This PaM will be further refined in future reporting following exploratory analyses in 2026 on PaM categorisation and alignment with the definition of a single PaM on page 200 of the 2025 Reporting Guidelines for Integrated Policies and Measures."
IRL_P0028,28,,not_applicable_open,"This measure encompasses the deployment of renewables for heating under the With Existing Measures (WEM) scenario. Estimates of ex-ante emissions savings for this measure are underpinned by energy projections for renewable heat under the WEM scenario. 

The methodology estimating the effects of this measure on GHG emissions reductions is based on the assumption that the amount of renewable heat consumed (e.g. from ambient heat or biomass) under the WEM scenario displaces GHG emissions that would have been produced if an equal amount of heat from oil was consumed. From the 2025 reporting cycle onwards, the methodology accounts for technology efficiencies of renewable heat sources and displaced fossil fuels and accounts for double counting with other PaMs.

This PaM will be further refined in future reporting following exploratory analyses in 2026 on PaM categorisation and alignment with the definition of a single PaM on page 200 of the 2025 Reporting Guidelines for Integrated Policies and Measures."
IRL_P0031,31,,not_applicable_open,"The Community Energy Grants programme supports sustainable energy upgrades to existing buildings, services, facilities and processes in the community sector. It promotes projects with an aggregation of upgrades across sectors within a single project and favours projects where deeper retrofit can be demonstrated. Under the With Existing Measures scenario, it is assumed that new savings continue to accrue each year until 2030."
IRL_P0032,32,,not_applicable_open,"The Energy Efficiency Obligation Scheme (EEOS) is a Government of Ireland energy efficiency scheme operating since 2014. Under EEOS, the largest energy suppliers and distributors in Ireland are required to achieve annual energy efficiency targets. Large energy suppliers and distributors include companies that sell more than 400GWh of energy per year to final customers. These companies, known as Obligated Parties, are given specific annual targets based on their market share within the energy industry. Obligated Parties can achieve their annual targets by financially supporting homeowners, businesses and communities to carry out energy efficiency upgrades. Note that while support is often provided along side another SEAI grant, this PaM only captures the effects of non-grant supported EEOS scheme to avoid double counting with other PaMs. Under the With Existing Measures scenario, it is assumed that new savings continue to accrue each year at the same level as in 2024 until 2030."
IRL_P0033,33,2021.0,continues,"Deep retrofit is the significant upgrade of a building toward nearly zero energy requirements where the whole home is viewed as a system with respect to its energy performance. While this PaM expired in 2021, it is expected to continue to have an effect on GHG emissions reductions."
IRL_P0034,34,,not_applicable_open,"EXEED Certified (Excellence in Energy Efficiency Design) is an energy efficiency design management process. The process sets out steps for designing in energy efficiency and energy management into design projects, for both new investments and upgrades to existing assets. The EXEED Grant Scheme was launched in 2016 with an incentive of up to €500,000 for industrial and commercial businesses to use the EXEED process to design in energy efficiency and energy management into their new or existing assets. One of the purposes of the EXEED process is to move away from looking at energy efficiency measures in isolation. Instead EXEED’s scope treats an asset as an energy system and converges on a solution that ranks the priority of different energy efficiency investments relative to that system. Under the With Existing Measures scenario, it is assumed that new savings continue to accrue each year until 2030."
IRL_P0035,35,,not_applicable_open,"The Support Scheme for Renewable Heat (SSRH) is a program administered by the Sustainable Energy Authority of Ireland (SEAI) that provides financial incentives to encourage the use of renewable energy for heating purposes. Financial supports include an installation grant of up to 40% for investment in air source heat pumps, ground source heat pumps and water source heat pumps. Under the With Existing Measures scenario, it is assumed that new savings continue to accrue each year until 2030."
IRL_P0036,36,,not_applicable_open,"The programme is intended to create scaleable investment in energy efficiency across key segments of the public sector. This includes the demonstration of best practice retrofit approaches, project procurement and delivery approaches, and testing pilot measures. The overall intent of this programme is to create and stimulate a long term renovation strategy in these key segments, grow capacity, and delivery savings. To date this programme has been focussed on schools, and central government buildings but is growing to other areas such as health, third level education, and water. A methodology update to calculate energy savings associated with this PaM is being developed by the SEAI so, currently,savings have been frozen at the 2020 value under the With Existing Measures (WEM) scenario."
IRL_P0037,37,2022.0,continues,"The Warmth & Wellbeing scheme is an initiative led by the Department of Communications, Climate Action and Environment (DCCAE) in conjunction with the Department of Health (DoH), the Health Service Executive (HSE) and Sustainable Energy Authority of Ireland (SEAI). It aims to make homes warmer and healthier to live in by providing extensive, deeper energy efficiency upgrades to those in energy poverty that are living with chronic respiratory conditions. While this PaM expired in 2022, it is expected to continue to have an effect on GHG emissions reductions."
IRL_P0040,40,,not_applicable_open,"In previous years, additional savings from Heat Pumps under the With Additional Measures scenario were captured under this PaM. As there is no standalone Heat Pump grant scheme, savings are now captured under PaM 59 ‘Other Domestic Retrofit (With Additional Measures)’."
IRL_P0053,53,,not_applicable_open,"NZEB (Nearly Zero Energy Buildings) has been introduced for all new non domestic buildings, it sees a reduction in the energy performance of approximately 60% compared to the previous regulations. Also required is a Renewable Energy Ratio of 20%, meaning that 20% of the primary energy use must be from renewables onsite or nearby. The effect of this measure is estimated through the estimated difference between average energy consumption expected under the 2018 Regulations and the previous regulations multiplied by the projected number of new buildings."
IRL_P0054,54,,not_applicable_open,"NZEB (Nearly Zero Energy Buildings) will be introduced to all new domestic buildings, it sees a reduction in the energy performance of approximately 25% compared to the previous 2011 regulations. Also required is a Renewable Energy Ratio of 20%, meaning that 20% of the primary energy use must be from renewables onsite or nearby. The effect of this measure is estimated through the difference between the average energy consumption expected under the 2019 Building Regulations and the previous regulations multiplied by the projected number of new dwellings."
IRL_P0056,56,2020.0,continues,"The Better Energy Financing (BEF) project is a Government initiative working to identify market based solutions that could be developed as an alternative to direct Exchequer funding and overcome the reluctance of consumers to take on debt for energy efficiency improvements. While this PaM expired in 2020, it is expected to continue to have an effect on GHG emissions reductions."
IRL_P0057,57,,not_applicable_open,"Support to homeowners for the installation of Solar PV panels and battery energy storage systems. Under the With Existing Measures scenario, it is assumed that new savings continue to accrue each year until 2030."
IRL_P0058,58,,not_applicable_open,"Currently, there is no data available on which to base historic or projected savings for this measure."
IRL_P0059,59,,not_applicable_open,"This PaM captures savings from new measures that drive the uptake of an additional 10,000 heat pumps by 2030. To avoid double counting, this PaM excludes the effects of heat pumps from other retrofit schemes captured under other PaMs."
IRL_P0062,62,,not_applicable_open,"Stimulating energy-efficiency actions to reduce energy usage by homeowners. Under the With Existing Measures scenario, it is assumed that new savings continue to accrue each year until 2030."
IRL_P0064,64,,not_applicable_open,"Supplier to homeowners to monitor and reduce energy consumption. Currently, there is no data available on which to base historic or projected savings under the With Existing Measures scenario for this measure."
IRL_P0068,68,,not_applicable_open,"Low-emission slurry spreading (LESS) is an agricultural practice aimed at reducing nitrous oxide (N2O) emissions during the application of slurry. For bovines, a target of 60% of all slurry spread by low emissions slurry spreading by 2022 is assumed. It is also assumed that this target increases to 80% by 2025 and 90% by 2027. For pigs, it is assumed there is 100% use of low emission slurry spreading as per the Nitrates Action Plan."
IRL_P0069,69,,not_applicable_open,"Reduction of crude protein content of livestock feeding stuffs to minimise nitrous oxide and ammonia loss. Currently, this measure is not included under the With Existing Measures projection scenario and so there are no savings reported for this PaM."
IRL_P0070,70,,not_applicable_open,Reduction in the crude protein content of pig feed resulting in reduced nitrous oxide and ammonia emissions
IRL_P0071,71,,not_applicable_open,Replacement of calcium ammonium nitrate fertiliser applied to grassland with inhibited urea products
IRL_P0072,72,,not_applicable_open,"This PaM captures the impact of 33,500 ha of peatlands rehabilitated as part of Bord na Móna EDRRS and LIFE People and Peatlands. Currently, there are no emissions savings estimated under the With Existing Measures (WEM) scenario."
IRL_P0073,73,,not_applicable_open,"This measure captures the impact of annual afforestation rates of 8,000ha/year for 2026-2030 as outlined in the Government Climate Action Plan 2024. It also captures the impact of agroforestry as outlined in the Government Climate Action Plan 2024. Note that this PaM has been grouped with PaM 93 (Extended Rotation) under PaM 106 to facilitate reporting of ex-ante GHG emissions savings, in line with p. 31 of the Integrated Policies and Measures Reporting Guidelines. While ex-ante GHG emissions savings were reported for these PaMs separately last year, the modelling carried out this year does not separate out these measures, so ex-ante savings are presented together under PaM 106."
IRL_P0074,74,,not_applicable_open,80k ha of grasslands on drained organic soils with reduced management intensity/water table management.
IRL_P0076,76,,not_applicable_open,"The Irish Government is working with the Strategic Banking Corporation of Ireland and the European Investment Bank to develop a retrofit loan guarantee scheme and associated low-cost residential retrofit loans. This project forms part of Ireland’s National Recovery and Resilience Plan. This measure can only be availed in conjunction with a Sustainable Energy Authority of Ireland (SEAI) grant. Hence, energy and emission savings associated with this measures are captured under other PaMs related to SEAI grants."
IRL_P0077,77,,not_applicable_open,A basket of Agriculture measures announced in the 2021 and 2023 Climate Action Plans including: animal related measures and feed change measures to reduce methane emissions.
IRL_P0078,78,,not_applicable_open,A basket of Agriculture measures announced in the 2021 and 2023 Climate Action Plans including: animal related measures and feed change measures to reduce methane emissions.
IRL_P0079,79,,not_applicable_open,A basket of Agriculture measures announced in the 2021 and 2023 Climate Action Plans including: animal related measures and feed change measures to reduce methane emissions.
IRL_P0080,80,,not_applicable_open,A basket of Agriculture measures announced in the 2021 and 2023 Climate Action Plans including: animal related measures and feed change measures to reduce methane emissions.
IRL_P0081,81,,not_applicable_open,A basket of Agriculture measures announced in the 2021 and 2023 Climate Action Plans including: animal related measures and feed change measures to reduce methane emissions.
IRL_P0082,82,,not_applicable_open,A basket of Agriculture measures announced in the 2021 and 2023 Climate Action Plans including: animal related measures and feed change measures to reduce methane emissions.
IRL_P0085,85,,not_applicable_open,"Support towards the design, purchase and installation of a solar photovoltaic (PV) system for non-domestic buildings. Under the With Existing Measures scenario, it is assumed that new savings continue to accrue each year until 2030."
IRL_P0087,87,,not_applicable_open,"This measure encompasses the deployment of indigenous biomethane under the With Existing Measures (WEM) scenario. Estimates of ex-ante emissions savings for this measure are underpinned by energy projections for biomethane under the WEM scenario.

The methodology estimating the effects of this measure on GHG emissions reductions is based on the assumption that the amount of biomethane consumed under the WEM scenario displaces GHG emissions that would have been produced if an equal amount of natural gas was consumed. 

Note that estimated emissions reductions for this PaM do not include the effects of electricity generation from biomethane under the WEM scenario as it is included under PaM 26.

This PaM will be further refined in future reporting following exploratory analyses in 2026 on PaM categorisation and alignment with the definition of a single PaM on page 200 of the 2025 Reporting Guidelines for Integrated Policies and Measures."
IRL_P0089,89,,not_applicable_open,Savings from a 15% reduction in private car activity by 2030 compared to a 2024 baseline.
IRL_P0090,107,,not_applicable_open,"The Business Energy Upgrade Scheme by the Sustainable Energy Authority of Ireland (SEAI) provides financial assistance for a range of energy upgrade measures to assist SMEs with retrofitting. The Scheme is available to businesses, the agricultural sector, public sector bodies, schools, community centres and non-profit societies. The Scheme includes grants for solar thermal and solar PV, building fabric upgrades, heating and cooling upgrades and technical assistance. Under the With Existing Measures scenario, it is assumed that new savings continue to accrue each year until 2030."
IRL_P0092,92,,not_applicable_open,"Straight urea (solid/granular form) has been used by Irish farmers as a key source of chemical nitrogen. This measure aims to restrict the use of unprotected/straight urea on both grassland and arable crops to provide savings on ammonia losses to the environment. This measure assumes sales of straight Urea are limited to 20,000 t per annum from 2025 on as per NAPCP."
IRL_P0093,93,,not_applicable_open,"This measure captures the impact of extended rotation as a forest management measure. Note that this PaM has been grouped with PaM 73 (New afforestation) under PaM 106 to facilitate reporting of ex-ante GHG emissions savings, in line with p. 31 of the Integrated Policies and Measures Reporting Guidelines. While ex-ante GHG emissions savings were reported for these PaMs separately last year, the modelling carried out this year does not separate out these measures, so ex-ante savings are presented together under PaM 106."
IRL_P0100,100,,not_applicable_open,"Ex-ante savings are based on EPA estimates of savings resulting from the impact of the F-Gas Regulation (Regulation (EU) 2024/573) by comparing a WEM projection with a counterfactual scenario where the Directive does not exist.
Under the counterfactual scenario, it is assumed there is no phase out of HFCs in fire protection, metered dose inhalers, aerosols and refrigeration and AC. This differs to the With Existing Measures (WEM) scenario which includes a phase out from 2024. The difference in emissions between these two scenarios provides an estimated saving as a result of the Directive."
IRL_P0101,101,,not_applicable_open,Captures the impact of reduced N fertiliser use due to improved nutrient use efficiency from liming (target liming usage of 2 Mt per annum) and an increase in direct CO2 emissions from lime application to soils.
IRL_P0102,102,,not_applicable_open,"The Sustainable Energy Authority of Ireland's (SEAI) support scheme for energy audits (SSEA) offers SMEs a €2,000 voucher towards the cost of a high-quality energy audit. The energy audit may be carried out on buildings, processes, or systems and it is a three-step process which involves preparation, a site visit and reporting. The audit report that compiles the findings will help a SME to understand how much energy a business uses, the equipment and processes that use the most energy and what actions a business should take to save energy, and their estimated cost and impact. Auditors submit a copy of the SME energy audit to SEAI. The audit includes all recommended upgrades, including estimated energy savings. With this data, SEAI calculates the estimated energy savings per audit. It is recognized that not all recommended upgrades will be installed so an estimated audit implementation rate of 25% is applied based on research from similar international SME audit programmes. Finally, an attribution factor is applied. Under the With Existing (WEM) Measures scenario, it is assumed that new savings continue to accrue each year until 2030."
IRL_P0104,104,,not_applicable_open,This measure captures the impact of optimal management of 750 kha grassland on mineral soils as outlined in the Government Climate Action Plan 2024.
IRL_P0105,105,,not_applicable_open,This measure captures the impact of preventing deforestation on 495 ha of land per year as outlined in the Government Climate Action Plan 2024.
