policy_id,policy_name,sector,start_year,end_year,capmf_code,capmf_parent_codes,coverage_share,bindingness,mechanism,layer,regime,member_pam_ids,reference_ids,start_year_basis,coverage_rationale,bindingness_rationale,match_confidence,mechanism_class,extra_flags
CAPMF_EU_ETS,EU Emissions Trading System,Electricity,2005,,LEV4_ETS_E_PR,LEV3_ETS_E,0.5,0.75,pricing,L2_instrument,ETS,,EPA_ETS,EPA confirms stationary ETS from 2005 and aviation from 2012,Ordinal scope score 0.5: ETS-covered generating installations. Not an observed activity/emissions share.,Prompt normative rubric; does not measure realised enforcement,exact,price_flow,
CAPMF_EU_ETS,EU Emissions Trading System,Industry,2005,,LEV4_ETS_I_PR,LEV3_ETS_I,0.5,0.75,pricing,L2_instrument,ETS,,EPA_ETS,EPA confirms stationary ETS from 2005 and aviation from 2012,Ordinal scope score 0.5: ETS-covered industrial installations. Not an observed activity/emissions share.,Prompt normative rubric; does not measure realised enforcement,exact,price_flow,
CAPMF_EU_ETS,EU Emissions Trading System,Transport,2012,,LEV4_PR_AV,LEV3_PR_AV_MAR,0.25,0.75,pricing,L2_instrument,ETS,,EPA_ETS,EPA confirms stationary ETS from 2005 and aviation from 2012,Ordinal scope score 0.25: Aviation covered by EU ETS; excludes road transport and does not equal domestic-inventory aviation. Not an observed activity/emissions share.,Prompt normative rubric; does not measure realised enforcement,exact,price_flow,aviation_inventory_boundary
CAPMF_PARTL_RES,Building Regulations Part L — dwellings (successive vintages),Buildings,1991,,LEV4_BC_RES,LEV3_BC,0.25,1.0,standards,L2_instrument,ESR,10;11;12;54;58,OECD_TECH,Official CAPMF first-positive year for an instrument family; legal enactment date is not inferred,Ordinal scope score 0.25: New dwellings and qualifying renovations; not the existing stock. Not an observed activity/emissions share.,Prompt normative rubric; does not measure realised enforcement,close,stock_buildings,capmf_first_positive_start_not_verified_enactment;vintage_changes_not_measured;source_expiry_conflict_pam12;family_consolidation
CAPMF_PARTL_NONRES,Building Regulations Part L — non-residential buildings (successive vintages),Buildings,2005,,LEV4_BC_NON_RES,LEV3_BC,0.25,1.0,standards,L2_instrument,ESR,9;53,OECD_TECH;PARTL2017,"EEA PaM 9 implementation begins 2005; CAPMF non-residential code first positive 2008, not interpreted as absence of the regulation",Ordinal scope score 0.25: New/qualifying non-residential buildings. Not an observed activity/emissions share.,Prompt normative rubric; does not measure realised enforcement,close,stock_buildings,capmf_first_positive_start_not_verified_enactment;vintage_changes_not_measured;source_start_conflict_pam53;family_consolidation
IRL_P0020,EU CO2 standards for new passenger cars (successive regulations),Transport,2012,,LEV4_MEPS_LDV,LEV3_MEPS_T,0.25,1.0,standards,L2_instrument,ESR,20,CARS_2020,EEA first implementation 2012; Regulation 2019/631 continues the family from 2020,Ordinal scope score 0.25: New passenger cars; not all vehicles or in-use stock. Not an observed activity/emissions share.,Prompt normative rubric; does not measure realised enforcement,close,stock_vehicles,family_extended_beyond_expired_pam20;regulation_not_observed_fleet_uptake
CAPMF_EE_AUDITS,Mandatory energy audits for large enterprises — industrial scope,Industry,2014,,LEV4_EE_MANDATE,LEV3_EE_MANDATE,0.5,1.0,obligations,L2_instrument,Mixed,,SEAI_AUDIT,SI 426/2014 legal requirement; first audit deadline December 2015,Ordinal scope score 0.5: Large industrial enterprises; exemptions vary with legal vintage. Not an observed activity/emissions share.,Prompt normative rubric; does not measure realised enforcement,partial,information_voluntary,industrial_category_proxy;ETS_exemptions_changed_2019;first_compliance_2015
CAPMF_MEPS_MOTOR,EU ecodesign requirements for electric motors,Industry,2011,,LEV4_MEPS_MOTOR,LEV3_MEPS_MOTOR,0.25,1.0,standards,L2_instrument,Mixed,,MOTORS,Official CAPMF first-positive year for an instrument family; legal enactment date is not inferred,Ordinal scope score 0.25: Regulated new electric motors and drives. Not an observed activity/emissions share.,Prompt normative rubric; does not measure realised enforcement,close,stock_appliances,capmf_first_positive_start;electricity_indirect_effect
CAPMF_MEPS_APPL,EU minimum energy-performance standards for appliances,Buildings,1996,,LEV3_MEPS_APPL,LEV3_MEPS_APPL,0.25,1.0,standards,L2_instrument,ESR,14,OECD_TECH,Official CAPMF first-positive year for an instrument family; legal enactment date is not inferred,Ordinal scope score 0.25: Regulated new appliances; lighting measure nested. Not an observed activity/emissions share.,Prompt normative rubric; does not measure realised enforcement,close,stock_appliances,capmf_first_positive_start_not_verified_enactment;family_consolidation;heterogeneous_products
CAPMF_LABEL_APPL,Mandatory energy labelling of appliances,Buildings,1995,,LEV3_LABEL_APPL,LEV3_LABEL_APPL,0.25,1.0,standards,L2_instrument,ESR,,OECD_TECH,Official CAPMF first-positive year for an instrument family; legal enactment date is not inferred,Ordinal scope score 0.25: Labels on regulated product categories. Not an observed activity/emissions share.,Prompt normative rubric; does not measure realised enforcement,close,stock_appliances,capmf_first_positive_start_not_verified_enactment;label_not_energy_performance
CAPMF_LABEL_CAR,Mandatory energy/CO2 labels for new passenger cars,Transport,1999,,LEV4_LABEL_CAR,LEV3_LABEL_CAR,0.25,1.0,standards,L2_instrument,ESR,,OECD_TECH,Official CAPMF first-positive year for an instrument family; legal enactment date is not inferred,Ordinal scope score 0.25: New passenger-car information at point of sale. Not an observed activity/emissions share.,Prompt normative rubric; does not measure realised enforcement,close,stock_vehicles,capmf_first_positive_start_not_verified_enactment;label_not_fleet_standard
CAPMF_FOSSIL_LICENCES,Restriction of new oil and gas exploration licences,Industry,2021,,LEV3_BAN_PHOUT_EXTRAC,LEV3_BAN_PHOUT_EXTRAC,0.25,1.0,practice_regulation,L2_instrument,Mixed,,FOSSIL_LICENCES,Statutory restriction in section 21 of the Climate Act 2021; earlier administrative action recorded separately,Ordinal scope score 0.25: New upstream petroleum authorisations; existing permissions exempt. Not an observed activity/emissions share.,Prompt normative rubric; does not measure realised enforcement,close,process_regulation,upstream_extraction_in_Industry_not_manufacturing;new_licences_not_all_production
CAPMF_ACT_2015,Climate Action and Low Carbon Development Act 2015,Cross-sectoral,2015,,LEV3_AB,LEV3_AB,1.0,1.0,framework,L1_framework,Mixed,,ACT2015,Enacted 10 December 2015; original governance framework,Ordinal scope score 1: National governance framework. Not an observed activity/emissions share.,Prompt normative rubric; does not measure realised enforcement,partial,framework,framework_context_not_additive;shared_governance_indicator;not_separate_causal_effect
CAPMF_ACT_2021,Climate Action and Low Carbon Development (Amendment) Act 2021,Cross-sectoral,2021,,LEV4_NZ_STAT,LEV3_NZ,1.0,1.0,framework,L1_framework,Mixed,,ACT2021,Enacted 23 July 2021; strengthened statutory framework,Ordinal scope score 1: National governance framework. Not an observed activity/emissions share.,Prompt normative rubric; does not measure realised enforcement,partial,framework,framework_context_not_additive;shared_governance_indicator;not_separate_causal_effect
CAPMF_CARBON_BUDGETS,Statutory carbon-budget programme,Cross-sectoral,2022,,LEV3_NZ,LEV3_NZ,1.0,1.0,framework,L1_framework,Mixed,,BUDGETS,First programme came into effect 6 April 2022; not backdated to the 2021 budget accounting period,Ordinal scope score 1: National governance framework. Not an observed activity/emissions share.,Prompt normative rubric; does not measure realised enforcement,partial,framework,framework_context_not_additive;shared_governance_indicator;not_separate_causal_effect
CAPMF_SECTOR_CEILINGS,Sectoral emissions ceilings,Cross-sectoral,2022,,LEV4_NZ_SEC_SCOPE,LEV3_NZ,1.0,1.0,framework,L1_framework,Mixed,,CEILINGS,Government agreement 28 July 2022,Ordinal scope score 1: National governance framework. Not an observed activity/emissions share.,Prompt normative rubric; does not measure realised enforcement,partial,framework,framework_context_not_additive;shared_governance_indicator;not_separate_causal_effect
CAPMF_NET_ZERO,Statutory climate-neutrality objective for 2050,Cross-sectoral,2021,,LEV4_NZ_STAT,LEV3_NZ,1.0,1.0,framework,L1_framework,Mixed,,ACT2021,2021 statutory objective; earlier non-statutory ambition is not coded as binding law,Ordinal scope score 1: National governance framework. Not an observed activity/emissions share.,Prompt normative rubric; does not measure realised enforcement,close,framework,framework_context_not_additive;shared_governance_indicator;not_separate_causal_effect
CAPMF_CLIMATE_COUNCIL,Climate Change Advisory Council,Cross-sectoral,2016,,LEV3_AB,LEV3_AB,1.0,1.0,framework,L1_framework,Mixed,,CCAC,Statutory body established 18 January 2016; 2015 CAPMF value reflects the enabling-law phase,Ordinal scope score 1: National governance framework. Not an observed activity/emissions share.,Prompt normative rubric; does not measure realised enforcement,partial,framework,framework_context_not_additive;shared_governance_indicator;not_separate_causal_effect
