candidate_id,candidate_name,first_positive_year,eligible,exclusion_reason,represented_by,eligibility_basis
LEV3_AB,Climate advisory body,2015,1,,CAPMF_ACT_2015;CAPMF_CLIMATE_COUNCIL,Positive CAPMF category plus an identifiable instrument family/verified national anchor
LEV3_AUCTION,Renewable energy auctions,2020,1,,IRL_P0026,Positive CAPMF category plus an identifiable instrument family/verified national anchor
LEV3_BAN_CREDIT,Banning governments' export credits for new unabated coal power plants,2021,0,International public-finance commitment; domestic Irish mitigation scope not established,,Conservative evidence-based eligibility screen; exclusion is not a claim of policy absence
LEV3_BAN_FF_ABROAD,Banning public finance for fossil fuel infrastructure abroad,2021,0,International public-finance commitment; domestic Irish mitigation scope not established,,Conservative evidence-based eligibility screen; exclusion is not a claim of policy absence
LEV3_BAN_PHOUT_COAL,Ban and phase out on the construction of coal-fired power plants,2018,0,Announcement/phase-out target score does not establish an operative binding ban by 2023,,Conservative evidence-based eligibility screen; exclusion is not a claim of policy absence
LEV3_BAN_PHOUT_EXTRAC,Bans and phase out on fossil fuel extraction,2021,1,,CAPMF_FOSSIL_LICENCES,Positive CAPMF category plus an identifiable instrument family/verified national anchor
LEV3_BAN_PHOUT_HEAT,Ban and phase out of fossil fuel heating systems,2019,0,Announcement/phase-out target score does not establish an operative binding ban by 2023,,Conservative evidence-based eligibility screen; exclusion is not a claim of policy absence
LEV3_BAN_PHOUT_ICE,Ban and phase out of passengers cars with ICE,2019,0,Announcement/phase-out target score does not establish an operative binding ban by 2023,,Conservative evidence-based eligibility screen; exclusion is not a claim of policy absence
LEV3_BC,Building energy codes,1991,1,,CAPMF_PARTL_NONRES;CAPMF_PARTL_RES,Positive CAPMF category plus an identifiable instrument family/verified national anchor
LEV3_CARBONTAX_B,Carbon tax - Buildings,2010,1,,IRL_P0005,Positive CAPMF category plus an identifiable instrument family/verified national anchor
LEV3_CARBONTAX_I,Carbon Tax - Industry,2010,1,,IRL_P0005,Positive CAPMF category plus an identifiable instrument family/verified national anchor
LEV3_CARBONTAX_T,Carbon tax - Transport,2010,1,,IRL_P0005,Positive CAPMF category plus an identifiable instrument family/verified national anchor
LEV3_EE_MANDATE,Energy efficiency mandates,2010,1,,CAPMF_EE_AUDITS,Positive CAPMF category plus an identifiable instrument family/verified national anchor
LEV3_EMIS_STD,Air emission standards,1996,0,Local-air-pollutant standards; mitigation objective or material GHG effect not established,,Conservative evidence-based eligibility screen; exclusion is not a claim of policy absence
LEV3_ETS_E,ETS - Electricity,2005,1,,CAPMF_EU_ETS,Positive CAPMF category plus an identifiable instrument family/verified national anchor
LEV3_ETS_I,ETS - Industry,2005,1,,CAPMF_EU_ETS,Positive CAPMF category plus an identifiable instrument family/verified national anchor
LEV3_EVAL_BR,Evaluation of Biennial Reports and Biennial Update Reports,2014,0,Reporting/compliance/participation metric rather than a discrete funded instrument or domestic framework law/target,,Conservative evidence-based eligibility screen; exclusion is not a claim of policy absence
LEV3_EXCISETAX_T,Fossil fuels excise taxes - Transport,2000,0,General fuel excise category; discrete climate-policy instrument and start not established; carbon tax separately retained,,Conservative evidence-based eligibility screen; exclusion is not a claim of policy absence
LEV3_EXP_RAIL,Share of rail on total surface transport public expenditure,2000,0,Spending-share statistic; named programme and legal/implementation start not identified,,Conservative evidence-based eligibility screen; exclusion is not a claim of policy absence
LEV3_FFS_B,Fossil fuels subsidies - Buildings,2010,0,Subsidy-support benchmark/absence measure; no distinct adopted mitigation intervention or implementation start identified,,Conservative evidence-based eligibility screen; exclusion is not a claim of policy absence
LEV3_FFS_E,Fossil Fuel Subsidies -  Electricity,2010,0,Subsidy-support benchmark/absence measure; no distinct adopted mitigation intervention or implementation start identified,,Conservative evidence-based eligibility screen; exclusion is not a claim of policy absence
LEV3_FFS_I,Fossil Fuel Subsidies - Industry,2010,0,Subsidy-support benchmark/absence measure; no distinct adopted mitigation intervention or implementation start identified,,Conservative evidence-based eligibility screen; exclusion is not a claim of policy absence
LEV3_FFS_PRODUCER,Fossil Fuel Subsidies Producer Support,2010,0,Subsidy-support benchmark/absence measure; no distinct adopted mitigation intervention or implementation start identified,,Conservative evidence-based eligibility screen; exclusion is not a claim of policy absence
LEV3_FFS_T,Fossil fuels subsidies - Transport,2010,0,Subsidy-support benchmark/absence measure; no distinct adopted mitigation intervention or implementation start identified,,Conservative evidence-based eligibility screen; exclusion is not a claim of policy absence
LEV3_FIN_MECH_B,Financing mechanisms available - Buildings,2010,1,,represented_by_EEA_finance_programmes,Positive CAPMF category plus an identifiable instrument family/verified national anchor
LEV3_FIN_MECH_I,Financing mechanisms available - Industry,2010,1,,represented_by_EEA_finance_programmes,Positive CAPMF category plus an identifiable instrument family/verified national anchor
LEV3_FIT,Feed-In-Tariffs,2006,1,,IRL_P0026,Positive CAPMF category plus an identifiable instrument family/verified national anchor
LEV3_GHG_ACC,GHG emissions reporting and accounting,2008,0,Reporting/compliance/participation metric rather than a discrete funded instrument or domestic framework law/target,,Conservative evidence-based eligibility screen; exclusion is not a claim of policy absence
LEV3_INT_INIT,Participation in international climate initiatives,2013,0,Reporting/compliance/participation metric rather than a discrete funded instrument or domestic framework law/target,,Conservative evidence-based eligibility screen; exclusion is not a claim of policy absence
LEV3_LABEL_APPL,Mandatory energy labels for appliances,1995,1,,CAPMF_LABEL_APPL,Positive CAPMF category plus an identifiable instrument family/verified national anchor
LEV3_LABEL_CAR,Labels for vehicles,1999,1,,CAPMF_LABEL_CAR,Positive CAPMF category plus an identifiable instrument family/verified national anchor
LEV3_MEPS_APPL,MEPS of appliances,1996,1,,CAPMF_MEPS_APPL,Positive CAPMF category plus an identifiable instrument family/verified national anchor
LEV3_MEPS_MOTOR,MEPS for electric motors,2011,1,,CAPMF_MEPS_MOTOR,Positive CAPMF category plus an identifiable instrument family/verified national anchor
LEV3_MEPS_T,MEPS Transport,2009,1,,IRL_P0020,Positive CAPMF category plus an identifiable instrument family/verified national anchor
LEV3_NDC,Nationally Determined Contributions,2016,0,Composite international/EU commitment category; discrete Irish operational target chronology not resolved in this release,,Conservative evidence-based eligibility screen; exclusion is not a claim of policy absence
LEV3_NZ,Net Zero Targets,2019,1,,CAPMF_ACT_2021;CAPMF_CARBON_BUDGETS;CAPMF_NET_ZERO;CAPMF_SECTOR_CEILINGS,Positive CAPMF category plus an identifiable instrument family/verified national anchor
LEV3_PR_AV_MAR,Pricing of emissions from international aviation and maritime transport,2012,1,,CAPMF_EU_ETS,Positive CAPMF category plus an identifiable instrument family/verified national anchor
LEV3_RDD_CCS,RD&D expenditure - Carbon Capture and Storage,2010,0,RD&D expenditure category; named funded intervention and implementation start not identified from these inputs,,Conservative evidence-based eligibility screen; exclusion is not a claim of policy absence
LEV3_RDD_EE,RD&D expenditure - Energy Efficiency,1990,0,RD&D expenditure category; named funded intervention and implementation start not identified from these inputs,,Conservative evidence-based eligibility screen; exclusion is not a claim of policy absence
LEV3_RDD_HYDR,RD&D expenditure - Hydrogen,2010,0,RD&D expenditure category; named funded intervention and implementation start not identified from these inputs,,Conservative evidence-based eligibility screen; exclusion is not a claim of policy absence
LEV3_RDD_NUC,RD&D expenditure - Nuclear,2004,0,RD&D expenditure category; named funded intervention and implementation start not identified from these inputs,,Conservative evidence-based eligibility screen; exclusion is not a claim of policy absence
LEV3_RDD_OTHER,RD&D expenditure - Other storage,1990,0,RD&D expenditure category; named funded intervention and implementation start not identified from these inputs,,Conservative evidence-based eligibility screen; exclusion is not a claim of policy absence
LEV3_RDD_RES,RD&D expenditure - Renewable energy,1990,0,RD&D expenditure category; named funded intervention and implementation start not identified from these inputs,,Conservative evidence-based eligibility screen; exclusion is not a claim of policy absence
LEV3_RENEWABLE_EXP,Planning for renewables expansion,2010,0,Planning/strategy category alone fails the funded/binding intervention criterion; relevant context retained with electricity portfolio,,Conservative evidence-based eligibility screen; exclusion is not a claim of policy absence
LEV3_SPEED,Speed limits on motorways,2000,0,General road-safety rule; explicit mitigation objective or material reported mitigation effect not established,,Conservative evidence-based eligibility screen; exclusion is not a claim of policy absence
LEV3_TREATY,Ratification of key international climate treaties,1990,0,Composite international/EU commitment category; discrete Irish operational target chronology not resolved in this release,,Conservative evidence-based eligibility screen; exclusion is not a claim of policy absence
LEV3_UNFCCC,Submission of key UNFCCC documents,1994,0,Reporting/compliance/participation metric rather than a discrete funded instrument or domestic framework law/target,,Conservative evidence-based eligibility screen; exclusion is not a claim of policy absence
