pam_id,policy_id,sector,primary_sector,mechanism,mechanism_class,layer,regime,instrument_type,capmf_code,match_confidence,capmf_match_scope,coverage_share,coverage_rationale,bindingness,bindingness_rationale,eligible,exclusion_reason,eligibility_basis,source_description,source_reference
1,IRL_P0001,Industry,Industry,information_voluntary,information_voluntary,L3_measure_programme,Mixed,Voluntary/negotiated agreements,,none,unmatched,0.5,"Ordinal scope score 0.5: Major subsector or broad programme coverage. Voluntary large-industrial-user network, supported by SEAI. Not a measured activity or emissions share.",0.25,"Prompt rubric applied to information_voluntary; normative score, not measured compliance or effectiveness",1,,Named national/EU measure in official PaM reporting; regulatory/fiscal support or public SEAI delivery programme,"The Large Industry Energy Network (LIEN) is a programme established by the Sustainable Energy Authority of Ireland (SEAI) to assist large industrial energy users in improving their energy efficiency and sustainability. LIEN acts as a platform for knowledge sharing, collaboration, and best practices among participating industries. LIEN members are companies with an annual energy spend of €1 million or more. Through LIEN, companies gain access to resources, tools, and expertise to identify energy-saving opportunities, implement energy management strategies and adopt innovative technologies. The programme facilitates networking events, workshops, and technical support to promote the exchange of ideas and experiences among industrial peers. LIEN members report annually on energy consumption and projects undertaken to help increase efficiency. Under the With Existing Measures scenario, it is assumed that new savings continue to accrue at the 2024 level each year until 2030.",https://www.seai.ie/plan-your-energy-journey/for-your-business/lien/our-members
2,IRL_P0002,Industry,Industry,subsidies_finance,asset_subsidy,L3_measure_programme,Mixed,Fiscal,LEV4_FIN_MECH_I,partial,category_context,0.25,"Ordinal scope score 0.25: Defined technology, building cohort, activity or recipient segment. Scope interpreted from the EEA description and named programme. Not a measured activity or emissions share.",0.5,"Prompt rubric applied to subsidies_finance; normative score, not measured compliance or effectiveness",1,,Named national/EU measure in official PaM reporting; regulatory/fiscal support or public SEAI delivery programme,"The Accelerated Capital Allowance (ACA) for Energy Efficiency Equipment is a scheme by SEAI (Sustainable Energy Authority of Ireland) that offers tax incentives to businesses in Ireland for investing in energy-efficient equipment. Under the ACA, companies can claim 100% of the capital expenditure on qualifying energy-efficient assets as a tax deduction in the year of purchase, allowing for faster recovery of the investment. This PaM covers both the Services and Industry sectors. Under the With Existing Measures scenario, it is assumed that new savings continue to accrue each year until 2030.",https://www.seai.ie/grants/business-grants/accelerated-capital-allowance
2,IRL_P0002,Buildings,Industry,subsidies_finance,asset_subsidy,L3_measure_programme,Mixed,Fiscal,LEV4_FIN_MECH_B_C,partial,category_context,0.25,"Ordinal scope score 0.25: Defined technology, building cohort, activity or recipient segment. Scope interpreted from the EEA description and named programme. Not a measured activity or emissions share.",0.5,"Prompt rubric applied to subsidies_finance; normative score, not measured compliance or effectiveness",1,,Named national/EU measure in official PaM reporting; regulatory/fiscal support or public SEAI delivery programme,"The Accelerated Capital Allowance (ACA) for Energy Efficiency Equipment is a scheme by SEAI (Sustainable Energy Authority of Ireland) that offers tax incentives to businesses in Ireland for investing in energy-efficient equipment. Under the ACA, companies can claim 100% of the capital expenditure on qualifying energy-efficient assets as a tax deduction in the year of purchase, allowing for faster recovery of the investment. This PaM covers both the Services and Industry sectors. Under the With Existing Measures scenario, it is assumed that new savings continue to accrue each year until 2030.",https://www.seai.ie/grants/business-grants/accelerated-capital-allowance
3,IRL_P0003,Industry,Industry,subsidies_finance,asset_subsidy,L3_measure_programme,ETS,Economic,,none,unmatched,0.25,"Ordinal scope score 0.25: Defined technology, building cohort, activity or recipient segment. Scope interpreted from the EEA description and named programme. Not a measured activity or emissions share.",0.5,"Prompt rubric applied to subsidies_finance; normative score, not measured compliance or effectiveness",1,,Named national/EU measure in official PaM reporting; regulatory/fiscal support or public SEAI delivery programme,"The CHP Programme by SEAI (Sustainable Energy Authority of Ireland) promoted and supported the implementation of combined heat and power systems in Ireland. It provided technical assistance, funding support, knowledge sharing, policy development, and monitoring and evaluation to encourage the adoption of CHP technology. This PaM expired in 2011.",https://www.seai.ie/sites/default/files/publications/CHP-Update-2020.pdf
3,IRL_P0003,Electricity,Industry,subsidies_finance,asset_subsidy,L3_measure_programme,ETS,Economic,,none,unmatched,0.25,"Ordinal scope score 0.25: Defined technology, building cohort, activity or recipient segment. Scope interpreted from the EEA description and named programme. Not a measured activity or emissions share.",0.5,"Prompt rubric applied to subsidies_finance; normative score, not measured compliance or effectiveness",1,,Named national/EU measure in official PaM reporting; regulatory/fiscal support or public SEAI delivery programme,"The CHP Programme by SEAI (Sustainable Energy Authority of Ireland) promoted and supported the implementation of combined heat and power systems in Ireland. It provided technical assistance, funding support, knowledge sharing, policy development, and monitoring and evaluation to encourage the adoption of CHP technology. This PaM expired in 2011.",https://www.seai.ie/sites/default/files/publications/CHP-Update-2020.pdf
4,IRL_P0004,Buildings,Buildings,subsidies_finance,asset_subsidy,L3_measure_programme,ESR,Economic,LEV4_FIN_MECH_B_C,partial,category_context,0.25,"Ordinal scope score 0.25: Defined technology, building cohort, activity or recipient segment. Scope interpreted from the EEA description and named programme. Not a measured activity or emissions share.",0.5,"Prompt rubric applied to subsidies_finance; normative score, not measured compliance or effectiveness",1,,Named national/EU measure in official PaM reporting; regulatory/fiscal support or public SEAI delivery programme,"The Renewable Heat (ReHeat) Programme by SEAI (Sustainable Energy Authority of Ireland) was an initiative that promoted and supported the adoption of renewable heat technologies for heating purposes in Ireland. The program provided grant funding, technical assistance, monitoring, and knowledge-sharing opportunities to businesses, communities, and public sector organizations to incentivize the transition from fossil fuel-based heating systems to renewable heat technologies such as biomass boilers, heat pumps, solar thermal systems, and biogas heating systems. This PaM expired in 2011.",http://www.seai.ie/grants/renewable_heat_deployment_programme/
4,IRL_P0004,Industry,Buildings,subsidies_finance,asset_subsidy,L3_measure_programme,ESR,Economic,LEV4_FIN_MECH_I,partial,category_context,0.25,"Ordinal scope score 0.25: Defined technology, building cohort, activity or recipient segment. Scope interpreted from the EEA description and named programme. Not a measured activity or emissions share.",0.5,"Prompt rubric applied to subsidies_finance; normative score, not measured compliance or effectiveness",1,,Named national/EU measure in official PaM reporting; regulatory/fiscal support or public SEAI delivery programme,"The Renewable Heat (ReHeat) Programme by SEAI (Sustainable Energy Authority of Ireland) was an initiative that promoted and supported the adoption of renewable heat technologies for heating purposes in Ireland. The program provided grant funding, technical assistance, monitoring, and knowledge-sharing opportunities to businesses, communities, and public sector organizations to incentivize the transition from fossil fuel-based heating systems to renewable heat technologies such as biomass boilers, heat pumps, solar thermal systems, and biogas heating systems. This PaM expired in 2011.",http://www.seai.ie/grants/renewable_heat_deployment_programme/
5,IRL_P0005,Buildings,Cross-sectoral,pricing,price_flow,L2_instrument,ESR,Fiscal,LEV4_CARBONTAX_B,exact,instrument_family,0.5,Ordinal scope score 0.5: Major subsector or broad programme coverage. Non-ETS fuel uses only; industrial exemptions apply. Not a measured activity or emissions share.,0.75,"Prompt rubric applied to pricing; normative score, not measured compliance or effectiveness",1,,Named national/EU measure in official PaM reporting; regulatory/fiscal support or public SEAI delivery programme,"The Carbon Tax incorporates a price signal for carbon in the non-ETS sector, specifically fuels used for heating and transport. The tax applies to petrol, diesel, kerosene, marked gas oil (for agricultural use), Liquid Petroleum Gas (LPG), fuel oil, natural gas, coal and commercial peat. This measure reflects an estimate of the reduction in energy consumption resulting from carbon tax using short term price elasticities and energy projections under the With Existing Measures scenario.",https://data.oireachtas.ie/ie/oireachtas/act/2020/26/eng/enacted/a2620.pdf
5,IRL_P0005,Transport,Cross-sectoral,pricing,price_flow,L2_instrument,ESR,Fiscal,LEV4_CARBONTAX_T,exact,instrument_family,0.5,Ordinal scope score 0.5: Major subsector or broad programme coverage. Non-ETS fuel uses only; industrial exemptions apply. Not a measured activity or emissions share.,0.75,"Prompt rubric applied to pricing; normative score, not measured compliance or effectiveness",1,,Named national/EU measure in official PaM reporting; regulatory/fiscal support or public SEAI delivery programme,"The Carbon Tax incorporates a price signal for carbon in the non-ETS sector, specifically fuels used for heating and transport. The tax applies to petrol, diesel, kerosene, marked gas oil (for agricultural use), Liquid Petroleum Gas (LPG), fuel oil, natural gas, coal and commercial peat. This measure reflects an estimate of the reduction in energy consumption resulting from carbon tax using short term price elasticities and energy projections under the With Existing Measures scenario.",https://data.oireachtas.ie/ie/oireachtas/act/2020/26/eng/enacted/a2620.pdf
5,IRL_P0005,Industry,Cross-sectoral,pricing,price_flow,L2_instrument,ESR,Fiscal,LEV4_CARBONTAX_I,exact,instrument_family,0.25,"Ordinal scope score 0.25: Defined technology, building cohort, activity or recipient segment. Non-ETS fuel uses only; industrial exemptions apply. Not a measured activity or emissions share.",0.75,"Prompt rubric applied to pricing; normative score, not measured compliance or effectiveness",1,,Named national/EU measure in official PaM reporting; regulatory/fiscal support or public SEAI delivery programme,"The Carbon Tax incorporates a price signal for carbon in the non-ETS sector, specifically fuels used for heating and transport. The tax applies to petrol, diesel, kerosene, marked gas oil (for agricultural use), Liquid Petroleum Gas (LPG), fuel oil, natural gas, coal and commercial peat. This measure reflects an estimate of the reduction in energy consumption resulting from carbon tax using short term price elasticities and energy projections under the With Existing Measures scenario.",https://data.oireachtas.ie/ie/oireachtas/act/2020/26/eng/enacted/a2620.pdf
6,IRL_P0006,Buildings,Buildings,information_voluntary,information_voluntary,L3_measure_programme,ESR,Economic,,none,unmatched,0.25,"Ordinal scope score 0.25: Defined technology, building cohort, activity or recipient segment. Scope interpreted from the EEA description and named programme. Not a measured activity or emissions share.",0.25,"Prompt rubric applied to information_voluntary; normative score, not measured compliance or effectiveness",1,,Named national/EU measure in official PaM reporting; regulatory/fiscal support or public SEAI delivery programme,"The Public Sector Programme by SEAI (Sustainable Energy Authority of Ireland) is an initiative aimed at promoting energy efficiency and sustainability within the public sector in Ireland. The program provides support and guidance to public sector organizations, including government departments, local authorities, and public bodies, to help them reduce energy consumption, lower carbon emissions, and optimize energy management practices. It offers a range of services such as energy audits, technical assistance, funding opportunities, and training to assist public sector entities in implementing energy efficiency measures, adopting renewable energy technologies, and improving overall energy performance. A methodology update to calculate energy savings associated with this PaM is being developed by the SEAI so, currently,savings have been frozen at the 2020 value under the With Existing Measures (WEM) scenario.",https://www.seai.ie/plan-your-energy-journey/public-sector/public-sector-energy-programme
7,IRL_P0007,Buildings,Buildings,subsidies_finance,asset_subsidy,L3_measure_programme,ESR,Economic,LEV4_FIN_MECH_B_C,partial,category_context,0.25,"Ordinal scope score 0.25: Defined technology, building cohort, activity or recipient segment. Scope interpreted from the EEA description and named programme. Not a measured activity or emissions share.",0.5,"Prompt rubric applied to subsidies_finance; normative score, not measured compliance or effectiveness",1,,Named national/EU measure in official PaM reporting; regulatory/fiscal support or public SEAI delivery programme,"The Supports for Exemplar Energy Efficiency Projects (SEEEP) and Energy Efficiency Retrofit Fund (EERF) were initiatives by SEAI (Sustainable Energy Authority of Ireland) that provided support and funding for energy efficiency projects in Ireland. SEEEP focused on large-scale energy efficiency projects in sectors such as manufacturing, healthcare, and education, providing financial assistance, technical support, and monitoring to help organizations achieve significant energy savings and emissions reduction. EERF, on the other hand, offered grants and financing options for retrofitting existing buildings to improve energy efficiency and reduce energy consumption. The Better Energy Workplaces program complemented these efforts by supporting energy efficiency upgrades in small and medium-sized enterprises (SMEs), offering grants, and facilitating energy assessments to enhance energy performance and reduce costs. This PaM expired in 2010.",nan
7,IRL_P0007,Industry,Buildings,subsidies_finance,asset_subsidy,L3_measure_programme,ESR,Economic,LEV4_FIN_MECH_I,partial,category_context,0.25,"Ordinal scope score 0.25: Defined technology, building cohort, activity or recipient segment. Scope interpreted from the EEA description and named programme. Not a measured activity or emissions share.",0.5,"Prompt rubric applied to subsidies_finance; normative score, not measured compliance or effectiveness",1,,Named national/EU measure in official PaM reporting; regulatory/fiscal support or public SEAI delivery programme,"The Supports for Exemplar Energy Efficiency Projects (SEEEP) and Energy Efficiency Retrofit Fund (EERF) were initiatives by SEAI (Sustainable Energy Authority of Ireland) that provided support and funding for energy efficiency projects in Ireland. SEEEP focused on large-scale energy efficiency projects in sectors such as manufacturing, healthcare, and education, providing financial assistance, technical support, and monitoring to help organizations achieve significant energy savings and emissions reduction. EERF, on the other hand, offered grants and financing options for retrofitting existing buildings to improve energy efficiency and reduce energy consumption. The Better Energy Workplaces program complemented these efforts by supporting energy efficiency upgrades in small and medium-sized enterprises (SMEs), offering grants, and facilitating energy assessments to enhance energy performance and reduce costs. This PaM expired in 2010.",nan
8,IRL_P0008,Buildings,Buildings,information_voluntary,information_voluntary,L3_measure_programme,ESR,Education,,none,unmatched,0.25,"Ordinal scope score 0.25: Defined technology, building cohort, activity or recipient segment. Scope interpreted from the EEA description and named programme. Not a measured activity or emissions share.",0.25,"Prompt rubric applied to information_voluntary; normative score, not measured compliance or effectiveness",1,,Named national/EU measure in official PaM reporting; regulatory/fiscal support or public SEAI delivery programme,"The Small and Medium Enterprises (SME) Programme by SEAI (Sustainable Energy Authority of Ireland) was an initiative specifically designed to support energy efficiency improvements in small and medium-sized enterprises across Ireland. The program offered a range of services and incentives to help SMEs reduce energy consumption, lower operating costs, and enhance sustainability. These services included energy audits to identify energy-saving opportunities, expert advice on implementing energy-efficient measures, access to funding and grants for energy efficiency projects, and technical support to facilitate the adoption of energy-efficient technologies. This PaM expired in 2022.",nan
8,IRL_P0008,Industry,Buildings,information_voluntary,information_voluntary,L3_measure_programme,ESR,Education,,none,unmatched,0.25,"Ordinal scope score 0.25: Defined technology, building cohort, activity or recipient segment. Scope interpreted from the EEA description and named programme. Not a measured activity or emissions share.",0.25,"Prompt rubric applied to information_voluntary; normative score, not measured compliance or effectiveness",1,,Named national/EU measure in official PaM reporting; regulatory/fiscal support or public SEAI delivery programme,"The Small and Medium Enterprises (SME) Programme by SEAI (Sustainable Energy Authority of Ireland) was an initiative specifically designed to support energy efficiency improvements in small and medium-sized enterprises across Ireland. The program offered a range of services and incentives to help SMEs reduce energy consumption, lower operating costs, and enhance sustainability. These services included energy audits to identify energy-saving opportunities, expert advice on implementing energy-efficient measures, access to funding and grants for energy efficiency projects, and technical support to facilitate the adoption of energy-efficient technologies. This PaM expired in 2022.",nan
9,IRL_P0009,Buildings,Buildings,standards,stock_buildings,L2_instrument,ESR,Regulatory,LEV4_BC_NON_RES,close,instrument_family,0.25,"Ordinal scope score 0.25: Defined technology, building cohort, activity or recipient segment. Scope interpreted from the EEA description and named programme. Not a measured activity or emissions share.",1.0,"Prompt rubric applied to standards; normative score, not measured compliance or effectiveness",1,,Named national/EU measure in official PaM reporting; regulatory/fiscal support or public SEAI delivery programme,"This is a set of regulations established by the Irish government to promote energy efficiency and reduce energy consumption in non-residential buildings. The regulations outline specific requirements and standards for the construction and renovation of buildings, focusing on areas such as insulation, air tightness, heating systems, and lighting efficiency. Compliance with these regulations is mandatory for new construction and significant renovations. This PaM expired in 2014.",https://www.gov.ie/en/publication/1d2af-building-regulations/
10,IRL_P0010,Buildings,Buildings,standards,stock_buildings,L2_instrument,ESR,Regulatory,LEV4_BC_RES,close,instrument_family,0.25,"Ordinal scope score 0.25: Defined technology, building cohort, activity or recipient segment. Scope interpreted from the EEA description and named programme. Not a measured activity or emissions share.",1.0,"Prompt rubric applied to standards; normative score, not measured compliance or effectiveness",1,,Named national/EU measure in official PaM reporting; regulatory/fiscal support or public SEAI delivery programme,"The 2002 Part L Building Regulations was the first in a series of incrementally improved efficiency standards which is now moving towards low to zero carbon housing. This is a set of regulations introduced by the Irish government to promote energy efficiency and reduce energy consumption in residential buildings. The regulations specify standards and requirements for new dwellings and major renovations, focusing on aspects such as insulation, air tightness, heating systems, ventilation, and renewable energy usage. This PaM expired in 2008.",https://www.gov.ie/en/publication/1d2af-building-regulations/
11,IRL_P0011,Buildings,Buildings,standards,stock_buildings,L2_instrument,ESR,Regulatory,LEV4_BC_RES,close,instrument_family,0.25,"Ordinal scope score 0.25: Defined technology, building cohort, activity or recipient segment. Scope interpreted from the EEA description and named programme. Not a measured activity or emissions share.",1.0,"Prompt rubric applied to standards; normative score, not measured compliance or effectiveness",1,,Named national/EU measure in official PaM reporting; regulatory/fiscal support or public SEAI delivery programme,"The 2008 Part L Building Regulations for Dwellings were one of a series of incrementally improved efficiency standards which is now moving towards low to zero carbon housing. This is a set of regulations implemented by the Irish government to enhance energy efficiency and reduce energy consumption in residential buildings. These regulations establish specific standards and requirements for new dwellings and major renovations, focusing on areas such as insulation, air tightness, heating systems, ventilation, and renewable energy usage. This PaM expired in 2011.",https://www.gov.ie/en/publication/1d2af-building-regulations/
12,IRL_P0012,Buildings,Buildings,standards,stock_buildings,L2_instrument,ESR,Regulatory,LEV4_BC_RES,close,instrument_family,0.25,"Ordinal scope score 0.25: Defined technology, building cohort, activity or recipient segment. Scope interpreted from the EEA description and named programme. Not a measured activity or emissions share.",1.0,"Prompt rubric applied to standards; normative score, not measured compliance or effectiveness",1,,Named national/EU measure in official PaM reporting; regulatory/fiscal support or public SEAI delivery programme,"The 2011 Part L Building Regulations for Dwellings were one of a series of incrementally improved efficiency standards which is now moving towards low to zero carbon housing. This is a set of regulations implemented by the Irish government to enhance energy efficiency and reduce energy consumption in residential buildings. These regulations establish specific standards and requirements for new dwellings and major renovations, focusing on areas such as insulation, air tightness, heating systems, ventilation, and renewable energy usage. This PaM expired in 2019.",https://www.gov.ie/en/publication/1d2af-building-regulations/
13,IRL_P0013,Buildings,Buildings,standards,stock_appliances,L2_instrument,ESR,Regulatory,,none,unmatched,0.25,"Ordinal scope score 0.25: Defined technology, building cohort, activity or recipient segment. Scope interpreted from the EEA description and named programme. Not a measured activity or emissions share.",1.0,"Prompt rubric applied to standards; normative score, not measured compliance or effectiveness",1,,Named national/EU measure in official PaM reporting; regulatory/fiscal support or public SEAI delivery programme,"Under the Part L Building Regulations in Ireland, there were specific requirements related to energy efficiency for boilers installed in new dwellings or during major renovations. These regulations mandated that boilers meet certain minimum energy performance standards, known as seasonal efficiency values (SEVs), which measure their efficiency over a typical heating season. The SEVs set out in the regulations ensured that boilers installed in residential buildings were designed to achieve optimal energy efficiency, reducing fuel consumption and carbon emissions. This PaM expired in 2022.",https://www.irishstatutebook.ie/eli/2008/si/259/made/en/pdf
14,IRL_P0014,Buildings,Buildings,standards,stock_appliances,L2_instrument,ETS,Regulatory,LEV4_MEPS_LIGHT,close,instrument_family,0.25,"Ordinal scope score 0.25: Defined technology, building cohort, activity or recipient segment. Scope interpreted from the EEA description and named programme. Not a measured activity or emissions share.",1.0,"Prompt rubric applied to standards; normative score, not measured compliance or effectiveness",1,,Named national/EU measure in official PaM reporting; regulatory/fiscal support or public SEAI delivery programme,The measure was a phasing out of incandescent lights through the Energy related Products Directive (2009/125/EC) and Commission Regulation (EC) No 244/2009. Commission Regulation (EC) No 244/2009 of 18 March 2009 implements Directive 2005/32/EC (superseded by Directive 2009/125/EC) with regard to eco-design requirements for non-directional household lamps. The regulation provided for the phased introduction of minimum efficiency standards for lamps and effectively phases out incandescent lamps. This PaM expired in 2016.,https://eur-lex.europa.eu/eli/dir/2009/125/oj/eng; https://eur-lex.europa.eu/legal-content/EN/TXT/?uri=CELEX%3A32009R0244
15,IRL_P0015,Buildings,Buildings,subsidies_finance,asset_subsidy,L3_measure_programme,ESR,Economic,LEV4_FIN_MECH_B_R,partial,category_context,0.25,"Ordinal scope score 0.25: Defined technology, building cohort, activity or recipient segment. Scope interpreted from the EEA description and named programme. Not a measured activity or emissions share.",0.5,"Prompt rubric applied to subsidies_finance; normative score, not measured compliance or effectiveness",1,,Named national/EU measure in official PaM reporting; regulatory/fiscal support or public SEAI delivery programme,"The Greener Homes Scheme by SEAI (Sustainable Energy Authority of Ireland) was an initiative supporting homeowners in Ireland to improve the energy efficiency of their homes. Through the scheme, homeowners accessed grants and financial incentives to undertake energy upgrades such as insulation improvements, heating system upgrades, and the installation of renewable energy technologies. This PaM expired in 2011.",nan
16,IRL_P0016,Buildings,Buildings,subsidies_finance,asset_subsidy,L3_measure_programme,ESR,Economic,LEV4_FIN_MECH_B_R,partial,category_context,0.25,"Ordinal scope score 0.25: Defined technology, building cohort, activity or recipient segment. Scope interpreted from the EEA description and named programme. Not a measured activity or emissions share.",0.5,"Prompt rubric applied to subsidies_finance; normative score, not measured compliance or effectiveness",1,,Named national/EU measure in official PaM reporting; regulatory/fiscal support or public SEAI delivery programme,"The Warmer Homes Scheme by SEAI offers grants and assistance to improve energy efficiency and comfort in low-income households in Ireland. The scheme focuses on insulation, draught-proofing, and heating system upgrades, helping vulnerable households reduce energy costs and enhance living conditions. Under the With Existing Measures scenario, it is assumed that new savings continue to accrue each year until 2030.",https://www.seai.ie/grants/home-energy-grants/fully-funded-upgrades-for-eligible-homes
17,IRL_P0017,Buildings,Buildings,subsidies_finance,asset_subsidy,L3_measure_programme,ESR,Economic,LEV4_FIN_MECH_B_R,partial,category_context,0.25,"Ordinal scope score 0.25: Defined technology, building cohort, activity or recipient segment. Scope interpreted from the EEA description and named programme. Not a measured activity or emissions share.",0.5,"Prompt rubric applied to subsidies_finance; normative score, not measured compliance or effectiveness",1,,Named national/EU measure in official PaM reporting; regulatory/fiscal support or public SEAI delivery programme,"The Better Energy Homes scheme by SEAI provides homeowners in Ireland with both financial incentives and support for energy-efficient upgrades. Through the scheme, homeowners can access grants to help cover the costs of measures such as insulation, heating system upgrades, and renewable energy installations. Under the With Existing Measures scenario, it is assumed that new savings continue to accrue each year until 2030.",https://www.seai.ie/individual-energy-upgrade-grants
18,IRL_P0018,Transport,Transport,subsidies_finance,asset_subsidy,L3_measure_programme,ESR,Economic,,none,unmatched,0.25,"Ordinal scope score 0.25: Defined technology, building cohort, activity or recipient segment. Scope interpreted from the EEA description and named programme. Not a measured activity or emissions share.",0.5,"Prompt rubric applied to subsidies_finance; normative score, not measured compliance or effectiveness",1,,Named national/EU measure in official PaM reporting; regulatory/fiscal support or public SEAI delivery programme,"This PaM reflects the effects of a number of different schemes that support the uptake of electric vehicles on energy and emissions reductions. Under the With Existing Measures scenario, a total Electric Vehicle stock of  ~327,000 by 2030,representing 12.2% of the total stock, is assumed. It is also assumed that PHEV sales continue post 2035.",https://www.seai.ie/grants/electric-vehicle-grants
19,IRL_P0019,Transport,Transport,pricing,stock_vehicles,L2_instrument,ESR,Fiscal,,none,unmatched,0.25,"Ordinal scope score 0.25: Defined technology, building cohort, activity or recipient segment. Scope interpreted from the EEA description and named programme. Not a measured activity or emissions share.",0.75,"Prompt rubric applied to pricing; normative score, not measured compliance or effectiveness",1,,Named national/EU measure in official PaM reporting; regulatory/fiscal support or public SEAI delivery programme,"The Vehicle Registration Tax (VRT) and Motor Tax Rebalancing measure implemented in 2008 was a policy initiative introduced by the Irish government to encourage the purchase of low-emission vehicles and discourage the use of high-emission vehicles. The measure involved adjusting the tax rates for vehicle registration and motor tax based on the carbon dioxide (CO2) emissions produced by the vehicle. Vehicles with lower CO2 emissions were subject to reduced tax rates, while those with higher emissions faced higher taxes. This PaM expired in 2020.",https://www.citizensinformation.ie/en/money-and-tax/budgets/budget-2008/#l0ba29
20,IRL_P0020,Transport,Transport,standards,stock_vehicles,L2_instrument,ESR,Regulatory,LEV4_MEPS_LDV,close,instrument_family,0.25,"Ordinal scope score 0.25: Defined technology, building cohort, activity or recipient segment. Scope interpreted from the EEA description and named programme. Not a measured activity or emissions share.",1.0,"Prompt rubric applied to standards; normative score, not measured compliance or effectiveness",1,,Named national/EU measure in official PaM reporting; regulatory/fiscal support or public SEAI delivery programme,"The EU, through Regulation 443/2009 mandated an improvement in average new car efficiency to 130 g CO2/km by 2015 with a target of 95 g CO2/km by 2021. This PaM expired in 2019.",https://eur-lex.europa.eu/legal-content/EN/TXT/?uri=CELEX:32009R0443
21,IRL_P0021,Transport,Transport,information_voluntary,information_voluntary,L3_measure_programme,ETS,Voluntary/negotiated agreements,,none,unmatched,0.25,"Ordinal scope score 0.25: Defined technology, building cohort, activity or recipient segment. Scope interpreted from the EEA description and named programme. Not a measured activity or emissions share.",0.25,"Prompt rubric applied to information_voluntary; normative score, not measured compliance or effectiveness",0,Voluntary aviation-efficiency aggregate: no identified funded or binding intervention; cannot equate with ETS pricing,Named national/EU measure in official PaM reporting; regulatory/fiscal support or public SEAI delivery programme,"The UK-Ireland Functional Airspace Block (FAB) established in 2008 aimed to improve the efficiency of aviation operations between the two countries. By coordinating air traffic control services and implementing advanced technologies, the FAB sought to optimize airspace usage, reduce delays, and minimize fuel consumption and emissions. The initiative aimed to enhance safety, capacity, and environmental sustainability in the shared airspace of the UK and Ireland. This PaM expired in 2020.",http://www.ukirelandfab.eu/
23,IRL_P0023,F-gases,F-gases,standards,stock_vehicles,L2_instrument,ESR,Regulatory,,none,unmatched,0.25,"Ordinal scope score 0.25: Defined technology, building cohort, activity or recipient segment. Scope interpreted from the EEA description and named programme. Not a measured activity or emissions share.",1.0,"Prompt rubric applied to standards; normative score, not measured compliance or effectiveness",1,,Named national/EU measure in official PaM reporting; regulatory/fiscal support or public SEAI delivery programme,The Mobile Air Conditioning (MAC) Directive (Directive 2006/40/EC) is a European Union directive that sets requirements for the air conditioning systems used in vehicles. The directive aims to reduce greenhouse gas emissions from vehicle air conditioning systems by phasing out the use of certain fluorinated greenhouse gases with high global warming potential.,http://eur-lex.europa.eu/legal-content/EN/TXT/PDF/?uri=CELEX:32006L0040&from=EN
24,IRL_P0024,Waste,Waste,practice_regulation,waste_fod,L2_instrument,ESR,Regulatory,,none,unmatched,0.25,"Ordinal scope score 0.25: Defined technology, building cohort, activity or recipient segment. Scope interpreted from the EEA description and named programme. Not a measured activity or emissions share.",1.0,"Prompt rubric applied to practice_regulation; normative score, not measured compliance or effectiveness",1,,Named national/EU measure in official PaM reporting; regulatory/fiscal support or public SEAI delivery programme,"The Landfill Directive (1999/31/EC) is a European Union directive that addresses the management and disposal of waste in landfills. The directive aims to reduce the environmental impact of landfills by establishing stringent criteria for the operation, design, and aftercare of landfill sites. It encourages the reduction of waste generation, promotes waste recycling and recovery, and sets targets for the reduction of biodegradable waste sent to landfills.",https://eur-lex.europa.eu/eli/dir/1999/31/oj/eng
26,IRL_P0026,Electricity,Electricity,deployment_support,supply_deployment,L2_instrument,ETS,Economic,LEV3_FIT;LEV3_AUCTION,partial,category_context,0.5,"Ordinal scope score 0.5: Major subsector or broad programme coverage. Renewable electricity deployment/support portfolio, not all generation. Not a measured activity or emissions share.",0.5,"Prompt rubric applied to deployment_support; normative score, not measured compliance or effectiveness",1,,Named national/EU measure in official PaM reporting; regulatory/fiscal support or public SEAI delivery programme,"The Irish government has set a renewable energy target for electricity generation, aiming to significantly increase the share of renewable sources in the country's energy mix. The target, as outlined in the Climate Action Plan 2021, aims for 70% of Ireland's electricity to come from renewable sources by 2030. It involves the development of renewable energy projects such as wind, solar, and hydroelectric power, as well as encouraging investment in clean energy technologies and infrastructure. Emission reductions for this PaM are underpinned by energy projections for electricity under the With Existing Measures scenario. Under the With existing measures scenario, 6.5 GW of onshore wind, 0.03 GW of offshore wind and 6.3 GW of Solar PV by 2030 is assumed. Note that estimated emissions reductions for this PaM include the effects of electricity generation from biomethane.",https://www.gov.ie/en/publication/0015c-irelands-national-energy-climate-plan-2021-2030/
27,IRL_P0027,Transport,Transport,obligations,supply_deployment,L2_instrument,ESR,Economic,,none,unmatched,0.5,Ordinal scope score 0.5: Major subsector or broad programme coverage. Fuel suppliers and road biofuel blending. Not a measured activity or emissions share.,0.75,"Prompt rubric applied to obligations; normative score, not measured compliance or effectiveness",1,,Named national/EU measure in official PaM reporting; regulatory/fiscal support or public SEAI delivery programme,"RED II requires Member States to set an obligation on fuel suppliers to ensure that the share of renewable energy within the final consumption of energy in transport is at least 14% by 2030 in accordance with an indicative trajectory set by the Member State. This aims to promote the use of sustainable and low-carbon fuels, such as biofuels, to reduce greenhouse gas emissions and enhance energy sustainability in the transportation sector. The government has implemented measures to support the production, distribution, and use of renewable fuels, including blending obligations and financial incentives. Emission reductions for this PaM are underpinned by energy projections for transport under the With Existing Measures scenario. Under the With Existing Measures scenario, E10 and B12 blend rates by 2025 is assumed. It is also assumed that blend rates increase to E10 and B20 by 2030.",https://www.gov.ie/en/publication/0015c-irelands-national-energy-climate-plan-2021-2030/
28,IRL_P0028,Buildings,Buildings,deployment_support,supply_deployment,L2_instrument,ESR,Regulatory,,none,unmatched,0.5,Ordinal scope score 0.5: Major subsector or broad programme coverage. Renewable heat subset; includes multiple delivery routes. Not a measured activity or emissions share.,0.5,"Prompt rubric applied to deployment_support; normative score, not measured compliance or effectiveness",1,,Named national/EU measure in official PaM reporting; regulatory/fiscal support or public SEAI delivery programme,"RED III requires Member States to increase the share of renewable energy in heat by at least 0.8pp as an annual average calculated for 2021-2025 and by at least 1.1pp as an annual average for the period 2026-2030. This aims to promote the use of renewable energy sources, such as biomass, solar thermal and geothermal, to replace traditional fossil fuel-based heating systems. Emission reductions for this PaM are underpinned by energy projections for renewable heat under the With Existing Measures scenario.",https://www.gov.ie/en/publication/0015c-irelands-national-energy-climate-plan-2021-2030/
28,IRL_P0028,Industry,Buildings,deployment_support,supply_deployment,L2_instrument,ESR,Regulatory,,none,unmatched,0.5,Ordinal scope score 0.5: Major subsector or broad programme coverage. Renewable heat subset; includes multiple delivery routes. Not a measured activity or emissions share.,0.5,"Prompt rubric applied to deployment_support; normative score, not measured compliance or effectiveness",1,,Named national/EU measure in official PaM reporting; regulatory/fiscal support or public SEAI delivery programme,"RED III requires Member States to increase the share of renewable energy in heat by at least 0.8pp as an annual average calculated for 2021-2025 and by at least 1.1pp as an annual average for the period 2026-2030. This aims to promote the use of renewable energy sources, such as biomass, solar thermal and geothermal, to replace traditional fossil fuel-based heating systems. Emission reductions for this PaM are underpinned by energy projections for renewable heat under the With Existing Measures scenario.",https://www.gov.ie/en/publication/0015c-irelands-national-energy-climate-plan-2021-2030/
31,IRL_P0031,Buildings,Buildings,subsidies_finance,asset_subsidy,L3_measure_programme,ESR,Economic,LEV4_FIN_MECH_B_R;LEV4_FIN_MECH_B_C,partial,category_context,0.25,"Ordinal scope score 0.25: Defined technology, building cohort, activity or recipient segment. Scope interpreted from the EEA description and named programme. Not a measured activity or emissions share.",0.5,"Prompt rubric applied to subsidies_finance; normative score, not measured compliance or effectiveness",1,,Named national/EU measure in official PaM reporting; regulatory/fiscal support or public SEAI delivery programme,"The Community Energy Grants programme by the Sustainable Energy Authority of Ireland (SEAI) is an initiative aimed at supporting and funding energy efficiency upgrades in communities across Ireland. The programme brings together community organizations, businesses and homeowners to collectively implement energy-saving measures and reduce energy consumption. Through the Community Energy Grant, participants can access capital funding, partnerships and technical support. The types of measures supported through the Community Energy Grants programme includes building fabric upgrades, technology and system upgrades, integration of control systems, integration of renewable energy sources and domestic combined fabric upgrade. Single Building Demonstration projects are also considered under the Community Energy Grant. Under the With Existing Measures scenario, it is assumed that new savings continue to accrue each year until 2030.",https://www.seai.ie/grants/community-grants
32,IRL_P0032,Buildings,Buildings,obligations,asset_subsidy,L2_instrument,Mixed,Regulatory,,none,unmatched,0.5,Ordinal scope score 0.5: Major subsector or broad programme coverage. Obligated supplier programme; savings scope is not all final demand. Not a measured activity or emissions share.,0.75,"Prompt rubric applied to obligations; normative score, not measured compliance or effectiveness",1,,Named national/EU measure in official PaM reporting; regulatory/fiscal support or public SEAI delivery programme,"The Energy Efficiency Obligation Scheme (EEOS) is a Government of Ireland energy efficiency scheme operating since 2014. Under EEOS, the largest energy suppliers and distributors in Ireland are required to achieve annual energy efficiency targets. Large energy suppliers and distributors include companies that sell more than 400GWh of energy per year to final customers. These companies, known as Obligated Parties, are given specific annual targets based on their market share within the energy industry. Obligated Parties can achieve their annual targets by financially supporting homeowners, businesses and communities to carry out energy efficiency upgrades. For every unit of energy saved, Obligated Parties earn energy credits towards their annual goal. For Obligated Party support to be eligible under EEOS, the Obligated Party must contribute to the achievement of the project before the measures are installed and the project must result in final energy savings. Note that while support is often provided along side another SEAI grant, this PaM only captures the effects of non-grant supported EEOS scheme to avoid double counting with other PaMs. Under the With Existing Measures scenario, it is assumed that new savings continue to accrue each year at the same level as in 2024 until 2030.",http://www.seai.ie/eeos/
32,IRL_P0032,Industry,Buildings,obligations,asset_subsidy,L2_instrument,Mixed,Regulatory,,none,unmatched,0.5,Ordinal scope score 0.5: Major subsector or broad programme coverage. Obligated supplier programme; savings scope is not all final demand. Not a measured activity or emissions share.,0.75,"Prompt rubric applied to obligations; normative score, not measured compliance or effectiveness",1,,Named national/EU measure in official PaM reporting; regulatory/fiscal support or public SEAI delivery programme,"The Energy Efficiency Obligation Scheme (EEOS) is a Government of Ireland energy efficiency scheme operating since 2014. Under EEOS, the largest energy suppliers and distributors in Ireland are required to achieve annual energy efficiency targets. Large energy suppliers and distributors include companies that sell more than 400GWh of energy per year to final customers. These companies, known as Obligated Parties, are given specific annual targets based on their market share within the energy industry. Obligated Parties can achieve their annual targets by financially supporting homeowners, businesses and communities to carry out energy efficiency upgrades. For every unit of energy saved, Obligated Parties earn energy credits towards their annual goal. For Obligated Party support to be eligible under EEOS, the Obligated Party must contribute to the achievement of the project before the measures are installed and the project must result in final energy savings. Note that while support is often provided along side another SEAI grant, this PaM only captures the effects of non-grant supported EEOS scheme to avoid double counting with other PaMs. Under the With Existing Measures scenario, it is assumed that new savings continue to accrue each year at the same level as in 2024 until 2030.",http://www.seai.ie/eeos/
33,IRL_P0033,Buildings,Buildings,subsidies_finance,asset_subsidy,L3_measure_programme,ESR,Economic,LEV4_FIN_MECH_B_R,partial,category_context,0.1,Ordinal scope score 0.1: Pilot or niche delivery programme. Scope interpreted from the EEA description and named programme. Not a measured activity or emissions share.,0.5,"Prompt rubric applied to subsidies_finance; normative score, not measured compliance or effectiveness",1,,Named national/EU measure in official PaM reporting; regulatory/fiscal support or public SEAI delivery programme,"Deep retrofit is the significant upgrade of a building toward nearly zero energy requirements where the whole home is viewed as a system with respect to its energy performance.  The Deep Retrofit Pilot Programme was launched to investigate the challenges and opportunities that Deep Retrofit present and in turn inform policy options for potential future programmes. The core principle of the Deep Retrofit Pilot Programme was fabric first- maximising insulation to minimise energy demand. The Pilot Programme required that all homes funded through the Pilot must achieve a minimum Building Energy Rating (BER) of A3 with an uplift in the BER of a minimum of 150 kWh/m2/yr. Airtightness of no more than 5 m3/hr/m2 must be achieved, hence the requirement for mechanical ventilation. Data monitoring – to monitor whole house performance and heating system performance – must also be provided for  a period of three years. SEAI provided funding of up to 50% of the total energy-capital costs, project management and BER design/consultancy costs combined. This PaM expired in 2021.","https://www.seai.ie/sites/default/files/publications/Deep-Retrofit-Announcement-12-08-19-Web.pdf#:~:text=The%20Deep%20Retrofit%20Pilot%20Programme%20was%20launched%20by,challenges%20and%20opportunities%20of%20deep%20retrofit%20in%20Ireland."
34,IRL_P0034,Industry,Industry,subsidies_finance,asset_subsidy,L3_measure_programme,Mixed,Economic,LEV4_FIN_MECH_I,partial,category_context,0.25,"Ordinal scope score 0.25: Defined technology, building cohort, activity or recipient segment. Scope interpreted from the EEA description and named programme. Not a measured activity or emissions share.",0.5,"Prompt rubric applied to subsidies_finance; normative score, not measured compliance or effectiveness",1,,Named national/EU measure in official PaM reporting; regulatory/fiscal support or public SEAI delivery programme,"The Excellence in Energy Efficiency Design (EXEED) Certified Grant Scheme is an energy efficiency design management process. The process sets out steps for designing in energy efficiency and energy management into design projects, for both new investments and upgrades to existing assets. Grant funding of up to €3 million per project is available to support organisations with the additional costs of following the EXEED Certified approach in the design and implementation of an asset. One of the purposes of the EXEED process is to move away from looking at energy efficiency measures in isolation. Instead EXEED’s scope treats an asset as an energy system and converges on a solution that ranks the priority of different energy efficiency investments relative to that system. Under the With Existing Measures scenario, it is assumed that new savings continue to accrue each year until 2030.",https://www.seai.ie/grants/business-grants/exeed-certified-grant
34,IRL_P0034,Buildings,Industry,subsidies_finance,asset_subsidy,L3_measure_programme,Mixed,Economic,LEV4_FIN_MECH_B_C,partial,category_context,0.25,"Ordinal scope score 0.25: Defined technology, building cohort, activity or recipient segment. Scope interpreted from the EEA description and named programme. Not a measured activity or emissions share.",0.5,"Prompt rubric applied to subsidies_finance; normative score, not measured compliance or effectiveness",1,,Named national/EU measure in official PaM reporting; regulatory/fiscal support or public SEAI delivery programme,"The Excellence in Energy Efficiency Design (EXEED) Certified Grant Scheme is an energy efficiency design management process. The process sets out steps for designing in energy efficiency and energy management into design projects, for both new investments and upgrades to existing assets. Grant funding of up to €3 million per project is available to support organisations with the additional costs of following the EXEED Certified approach in the design and implementation of an asset. One of the purposes of the EXEED process is to move away from looking at energy efficiency measures in isolation. Instead EXEED’s scope treats an asset as an energy system and converges on a solution that ranks the priority of different energy efficiency investments relative to that system. Under the With Existing Measures scenario, it is assumed that new savings continue to accrue each year until 2030.",https://www.seai.ie/grants/business-grants/exeed-certified-grant
35,IRL_P0035,Buildings,Buildings,subsidies_finance,asset_subsidy,L3_measure_programme,ESR,Economic,LEV4_FIN_MECH_B_C,partial,category_context,0.25,"Ordinal scope score 0.25: Defined technology, building cohort, activity or recipient segment. Scope interpreted from the EEA description and named programme. Not a measured activity or emissions share.",0.5,"Prompt rubric applied to subsidies_finance; normative score, not measured compliance or effectiveness",1,,Named national/EU measure in official PaM reporting; regulatory/fiscal support or public SEAI delivery programme,"The Support Scheme for Renewable Heat (SSRH) is a program administered by the Sustainable Energy Authority of Ireland (SEAI) that provides financial incentives to encourage the use of renewable energy for heating purposes. Financial supports include an installation grant of up to 40% for investment in air source heat pumps, ground source heat pumps and water source heat pumps. Under the With Existing Measures scenario, it is assumed that new savings continue to accrue each year until 2030.",https://www.seai.ie/grants/business-grants/support-scheme-renewable-heat
35,IRL_P0035,Industry,Buildings,subsidies_finance,asset_subsidy,L3_measure_programme,ESR,Economic,LEV4_FIN_MECH_I,partial,category_context,0.25,"Ordinal scope score 0.25: Defined technology, building cohort, activity or recipient segment. Scope interpreted from the EEA description and named programme. Not a measured activity or emissions share.",0.5,"Prompt rubric applied to subsidies_finance; normative score, not measured compliance or effectiveness",1,,Named national/EU measure in official PaM reporting; regulatory/fiscal support or public SEAI delivery programme,"The Support Scheme for Renewable Heat (SSRH) is a program administered by the Sustainable Energy Authority of Ireland (SEAI) that provides financial incentives to encourage the use of renewable energy for heating purposes. Financial supports include an installation grant of up to 40% for investment in air source heat pumps, ground source heat pumps and water source heat pumps. Under the With Existing Measures scenario, it is assumed that new savings continue to accrue each year until 2030.",https://www.seai.ie/grants/business-grants/support-scheme-renewable-heat
36,IRL_P0036,Buildings,Buildings,subsidies_finance,asset_subsidy,L3_measure_programme,ESR,Economic,LEV4_FIN_MECH_B_C,partial,category_context,0.25,"Ordinal scope score 0.25: Defined technology, building cohort, activity or recipient segment. Scope interpreted from the EEA description and named programme. Not a measured activity or emissions share.",0.5,"Prompt rubric applied to subsidies_finance; normative score, not measured compliance or effectiveness",1,,Named national/EU measure in official PaM reporting; regulatory/fiscal support or public SEAI delivery programme,"The Public Sector Pathfinder programme by the Sustainable Energy Authority of Ireland (SEAI) is an initiative that supports public bodies to improve their energy performance and achieve their retrofit goals by building capacity and knowledge within the sector. SEAI work with public sector bodies using a five-step approach to project delivery: 1. Identify objectives for the sector addressing stakeholder and operational needs; 2. Define the technical requirements and develop sustainable solutions; 3. Provide capital and energy performance contracting support; 4. Gather insights and key learnings to share across the public and commercial sectors; 5. Assess needs of the supply chain and developing capability. A methodology update to calculate energy savings associated with this PaM is being developed by the SEAI so, currently,savings have been frozen at the 2020 value under the With Existing Measures (WEM) scenario.",https://www.seai.ie/plan-your-energy-journey/public-sector/pathfinder-programme
37,IRL_P0037,Buildings,Buildings,subsidies_finance,asset_subsidy,L3_measure_programme,ESR,Economic,LEV4_FIN_MECH_B_R,partial,category_context,0.1,Ordinal scope score 0.1: Pilot or niche delivery programme. Scope interpreted from the EEA description and named programme. Not a measured activity or emissions share.,0.5,"Prompt rubric applied to subsidies_finance; normative score, not measured compliance or effectiveness",1,,Named national/EU measure in official PaM reporting; regulatory/fiscal support or public SEAI delivery programme,"The Warmth and Wellbeing Pilot was a program initiated by the Irish Government aimed at improving the energy efficiency and comfort of homes for vulnerable households. The pilot program specifically targeted low-income and energy-poor households to address fuel poverty and promote better living conditions. Through the Warmth and Wellbeing Pilot, eligible households received support for energy upgrades such as insulation, heating system improvements, and ventilation enhancements. It served as a pilot initiative to assess the effectiveness of interventions and inform future policies and programs addressing energy poverty in Ireland. This PaM expired in 2022.",https://www.gov.ie/en/publication/191db-warmth-and-wellbeing-scheme/
53,IRL_P0053,Buildings,Buildings,standards,stock_buildings,L2_instrument,ESR,Regulatory,LEV4_BC_NON_RES,close,instrument_family,0.25,"Ordinal scope score 0.25: Defined technology, building cohort, activity or recipient segment. Scope interpreted from the EEA description and named programme. Not a measured activity or emissions share.",1.0,"Prompt rubric applied to standards; normative score, not measured compliance or effectiveness",1,,Named national/EU measure in official PaM reporting; regulatory/fiscal support or public SEAI delivery programme,"The 2018 Building Regulations for non-residential buildings introduced by the Irish government incorporate both energy efficiency and renewable energy targets. The regulations require non-residential buildings to meet specific energy performance criteria, including limits on primary energy consumption and carbon dioxide emissions. Additionally, the regulations mandate the use of renewable energy technologies, such as solar panels or heat pumps, to contribute to the overall energy needs of the building. The effect of this measure is estimated through the estimated difference between average energy consumption expected under the 2018 Regulations and the previous regulations multiplied by the projected number of new buildings.",https://www.gov.ie/en/publication/1d2af-building-regulations/
54,IRL_P0054,Buildings,Buildings,standards,stock_buildings,L2_instrument,ESR,Regulatory,LEV4_BC_RES,close,instrument_family,0.25,"Ordinal scope score 0.25: Defined technology, building cohort, activity or recipient segment. Scope interpreted from the EEA description and named programme. Not a measured activity or emissions share.",1.0,"Prompt rubric applied to standards; normative score, not measured compliance or effectiveness",1,,Named national/EU measure in official PaM reporting; regulatory/fiscal support or public SEAI delivery programme,"The 2019 Nearly Zero Energy Buildings (NZEB) regulations aim to significantly improve the energy efficiency and sustainability of new buildings. These regulations require that all new residential and non-residential buildings meet rigorous energy performance standards, ensuring they consume minimal energy and produce a reduced carbon footprint. The NZEB regulations set specific requirements for building fabric, air-tightness, ventilation, heating systems, renewable energy sources, and overall energy performance.NZEB will be introduced to all new domestic buildings, it sees a reduction in the energy performance of approximately 25% compared to the previous 2011 regulations. Also required is a Renewable Energy Ratio of 20%, meaning that 20% of the primary energy use must be from renewables onsite or nearby. The regulations also introduced Major Renovation. For Domestic projects this has been defined in the regulations as applying where external walls are cladded or drylined or structure replaced and requires the heating system and ceiling insulation is upgraded to meet minimum standards or alternatively the building achieves a B2 Building Energy Rating. The effect of this measure is estimated through the difference between the average energy consumption expected under the 2019 Building Regulations and the previous regulations multiplied by the projected number of new dwellings.",https://www.gov.ie/en/publication/1d2af-building-regulations/
56,IRL_P0056,Buildings,Buildings,subsidies_finance,asset_subsidy,L3_measure_programme,ESR,Economic,LEV4_FIN_MECH_B_R,partial,category_context,0.25,"Ordinal scope score 0.25: Defined technology, building cohort, activity or recipient segment. Scope interpreted from the EEA description and named programme. Not a measured activity or emissions share.",0.5,"Prompt rubric applied to subsidies_finance; normative score, not measured compliance or effectiveness",1,,Named national/EU measure in official PaM reporting; regulatory/fiscal support or public SEAI delivery programme,"The Better Energy Financing (BEF) project initiated by the Irish Government was a program aimed at facilitating the financing of energy efficiency upgrades in homes and businesses. The project provided accessible financing options to support the implementation of energy-saving measures, such as insulation, heating system upgrades, and renewable energy installations. Through BEF, individuals and organizations can access low-interest loans or flexible repayment schemes to fund their energy efficiency projects. The program aims to overcome the financial barriers associated with energy upgrades, making them more affordable and attractive for homeowners and businesses. This PaM expired in 2020.",https://www.seai.ie/documents/research-projects/RDD-000503.pdf
57,IRL_P0057,Electricity,Electricity,subsidies_finance,asset_subsidy,L3_measure_programme,ETS,Regulatory,,none,unmatched,0.1,Ordinal scope score 0.1: Pilot or niche delivery programme. Scope interpreted from the EEA description and named programme. Not a measured activity or emissions share.,0.5,"Prompt rubric applied to subsidies_finance; normative score, not measured compliance or effectiveness",1,,Named national/EU measure in official PaM reporting; regulatory/fiscal support or public SEAI delivery programme,"The Solar Pilot Scheme by the Sustainable Energy Authority of Ireland (SEAI) is an initiative designed to promote the deployment of solar energy systems in Ireland. The scheme aims to support the installation of solar panels for electricity generation and solar thermal systems for water heating in residential, commercial, and community buildings. Through the Solar Pilot Scheme, participants can avail of financial incentives and technical guidance to implement solar energy projects. The scheme aims to increase the use of renewable energy sources, reduce reliance on fossil fuels, and contribute to Ireland's renewable energy targets. Under the With Existing Measures scenario, it is assumed that new savings continue to accrue each year until 2030.",https://www.seai.ie/grants/home-energy-grants/solar-electricity-grant/
57,IRL_P0057,Buildings,Electricity,subsidies_finance,asset_subsidy,L3_measure_programme,ETS,Regulatory,,none,unmatched,0.1,Ordinal scope score 0.1: Pilot or niche delivery programme. Scope interpreted from the EEA description and named programme. Not a measured activity or emissions share.,0.5,"Prompt rubric applied to subsidies_finance; normative score, not measured compliance or effectiveness",1,,Named national/EU measure in official PaM reporting; regulatory/fiscal support or public SEAI delivery programme,"The Solar Pilot Scheme by the Sustainable Energy Authority of Ireland (SEAI) is an initiative designed to promote the deployment of solar energy systems in Ireland. The scheme aims to support the installation of solar panels for electricity generation and solar thermal systems for water heating in residential, commercial, and community buildings. Through the Solar Pilot Scheme, participants can avail of financial incentives and technical guidance to implement solar energy projects. The scheme aims to increase the use of renewable energy sources, reduce reliance on fossil fuels, and contribute to Ireland's renewable energy targets. Under the With Existing Measures scenario, it is assumed that new savings continue to accrue each year until 2030.",https://www.seai.ie/grants/home-energy-grants/solar-electricity-grant/
58,IRL_P0058,Buildings,Buildings,standards,stock_buildings,L2_instrument,ESR,Regulatory,LEV4_BC_RES,close,instrument_family,0.25,"Ordinal scope score 0.25: Defined technology, building cohort, activity or recipient segment. Scope interpreted from the EEA description and named programme. Not a measured activity or emissions share.",1.0,"Prompt rubric applied to standards; normative score, not measured compliance or effectiveness",1,,Named national/EU measure in official PaM reporting; regulatory/fiscal support or public SEAI delivery programme,"Major Renovation is defined within the building regulations and applies to any building where 25% of the external envelope undergoes renovation and it is technically, functionally and economically feasible to apply. For Domestic projects this has been defined in the regulations as applying where external or internal wall insulation is used and requires the heating system and ceiling insulation to achieve minimum standards, or alternatively the building achieves a B2 Building Energy Rating. Currently, there is no data available on which to base historic or projected savings under the With Existing Measures scenario for this measure.","https://www.seai.ie/ber/support-for-ber-assessors/deap/domestic-support/building-regulations-and-standards#:~:text=The%20major%20renovation%20requirement%20is%20activated%20when%20renovation,2021%29%20came%20into%20effect%20on%2027th%20July%202021."
62,IRL_P0062,Buildings,Buildings,subsidies_finance,asset_subsidy,L3_measure_programme,ESR,Regulatory,LEV4_FIN_MECH_B_R,partial,category_context,0.25,"Ordinal scope score 0.25: Defined technology, building cohort, activity or recipient segment. Scope interpreted from the EEA description and named programme. Not a measured activity or emissions share.",0.5,"Prompt rubric applied to subsidies_finance; normative score, not measured compliance or effectiveness",1,,Named national/EU measure in official PaM reporting; regulatory/fiscal support or public SEAI delivery programme,"The National Home Energy Upgrade Scheme by the Sustainable Energy Authority of Ireland (SEAI) is an initiative that provides a complete energy solution for homes and is managed via a One Stop Shop service provider. The Scheme aims to simplify and streamline the process of retrofitting homes for energy efficiency improvements. Under the scheme, homeowners can access a wide range of grants related to heat pumps, insulation upgrades, heating system improvements, ventilation enhancements, and other energy-saving measures. The specific grant amount and eligibility criteria may vary depending on the nature of the retrofit project and the homeowner's circumstances. The availability of the grant aims to make energy retrofit projects more affordable and incentivize homeowners to undertake energy-efficient improvements in their homes. Under the With Existing Measures scenario, it is assumed that new savings continue to accrue each year until 2030.",https://www.seai.ie/grants/home-energy-grants/one-stop-shop
64,IRL_P0064,Buildings,Buildings,deployment_support,information_voluntary,L3_measure_programme,ETS,Regulatory,,none,unmatched,0.5,Ordinal scope score 0.5: Major subsector or broad programme coverage. Household meters; not the entire buildings sector. Not a measured activity or emissions share.,0.5,"Prompt rubric applied to deployment_support; normative score, not measured compliance or effectiveness",1,,Named national/EU measure in official PaM reporting; regulatory/fiscal support or public SEAI delivery programme,"The Smart Meter Roll-Out - Household initiative by ESB (Electricity Supply Board) is a program aimed at installing smart meters in households across Ireland. Smart meters are advanced digital devices that measure and record electricity consumption in real-time, providing accurate and detailed information about energy usage. The program involves the replacement of traditional electricity meters with smart meters, enabling homeowners to have better visibility and control over their energy consumption. Smart meters also facilitate the implementation of time-of-use tariffs, allowing customers to take advantage of off-peak electricity rates and make informed decisions to manage their energy usage more efficiently. The Smart Meter Roll-Out - Household program aims to support energy conservation, reduce peak demand, and enable the integration of renewable energy sources into the electricity grid. Currently, there is no data available on which to base historic or projected savings under the With Existing Measures scenario for this measure.",https://www.esbnetworks.ie/existing-connections/meters-and-readings/smart-meter-upgrade/smart-meter-upgrade-faqs
68,IRL_P0068,Agriculture,Agriculture,practice_regulation,process_regulation,L2_instrument,ESR,Regulatory,,none,unmatched,0.25,"Ordinal scope score 0.25: Defined technology, building cohort, activity or recipient segment. Scope interpreted from the EEA description and named programme. Not a measured activity or emissions share.",1.0,"Prompt rubric applied to practice_regulation; normative score, not measured compliance or effectiveness",1,,Named national/EU measure in official PaM reporting; regulatory/fiscal support or public SEAI delivery programme,"Low-emission slurry spreading (LESS) is an agricultural practice aimed at reducing nitrous oxide (N2O) emissions during the application of slurry. For bovines, a target of 60% of all slurry spread by low emissions slurry spreading by 2022 is assumed. It is also assumed that this target increases to 80% by 2025 and 90% by 2027. For pigs, it is assumed there is 100% use of low emission slurry spreading as per the Nitrates Action Plan.",https://www.gov.ie/pdf/?file=https://assets.gov.ie/100931/7c8b812c-d857-4f39-96b9-1e7f134ba896.pdf#page=null; https://www.gov.ie/pdf/?file=https://assets.gov.ie/218449/f1a6725a-6269-442b-bff1-2730fe2dc06c.pdf#page=null
69,IRL_P0069,Agriculture,Agriculture,practice_regulation,process_regulation,L2_instrument,ESR,Regulatory,,none,unmatched,0.25,"Ordinal scope score 0.25: Defined technology, building cohort, activity or recipient segment. Scope interpreted from the EEA description and named programme. Not a measured activity or emissions share.",1.0,"Prompt rubric applied to practice_regulation; normative score, not measured compliance or effectiveness",1,,Named national/EU measure in official PaM reporting; regulatory/fiscal support or public SEAI delivery programme,"The Nitrates Action Programme is a regulatory framework aimed at addressing water pollution from agricultural sources and promoting sustainable farming practices. It typically includes measures related to nutrient management, fertilization practices, and livestock management to minimize nitrogen and phosphorus losses. The reduction of crude protein in dairy cow concentrates was introduced as part of the 5th Nitrates Action Programme by the Irish government. This states that from 11th March 2022 the maximum permissible level of 15% is to be used on holdings between 15th April and 30th September. Currently, this measure is not included under the With Existing Measures projection scenario and so there are no savings reported for this PaM.",https://www.gov.ie/pdf/?file=https://assets.gov.ie/292729/4dafb6cc-cdb0-4770-9a9f-bcd537cd74a2.pdf#page=null
72,IRL_P0072,LULUCF,LULUCF,land_use,land_use,L3_measure_programme,LULUCF,Regulatory,,none,unmatched,0.25,"Ordinal scope score 0.25: Defined technology, building cohort, activity or recipient segment. Specified cutaway peatland rehabilitation projects. Not a measured activity or emissions share.",0.5,"Prompt rubric applied to land_use; normative score, not measured compliance or effectiveness",1,,Named national/EU measure in official PaM reporting; regulatory/fiscal support or public SEAI delivery programme,"33,500 ha of peatlands rehabilitated as part of Bord na Móna EDRRS and LIFE People and Peatlands.",https://www.bnmpcas.ie/; https://peatlandsandpeople.ie/about/
85,IRL_P0085,Electricity,Electricity,subsidies_finance,asset_subsidy,L3_measure_programme,ETS,Economic,,none,unmatched,0.25,"Ordinal scope score 0.25: Defined technology, building cohort, activity or recipient segment. Scope interpreted from the EEA description and named programme. Not a measured activity or emissions share.",0.5,"Prompt rubric applied to subsidies_finance; normative score, not measured compliance or effectiveness",1,,Named national/EU measure in official PaM reporting; regulatory/fiscal support or public SEAI delivery programme,"The Non-Domestic Microgen Scheme by SEAI (Sustainable Energy Authority of Ireland) operates as part of the Microgeneration Support Scheme (MSS), launched by the Irish Government to provide incentives for the installation of microgeneration systems (including solar, hydro and wind technologies) to assist the business, agricultural, public body, or non-profit sectors to develop renewable generation for self-consumption. The Non-Domestic Microgen Scheme provides financial assistance towards the design, purchase and installation of a solar photovoltaic (PV) system for a non-domestic building. Under the With Existing Measures scenario, it is assumed that new savings continue to accrue each year until 2030.",https://www.seai.ie/grants/business-grants/commercial-solar-pv/
85,IRL_P0085,Buildings,Electricity,subsidies_finance,asset_subsidy,L3_measure_programme,ETS,Economic,,none,unmatched,0.25,"Ordinal scope score 0.25: Defined technology, building cohort, activity or recipient segment. Scope interpreted from the EEA description and named programme. Not a measured activity or emissions share.",0.5,"Prompt rubric applied to subsidies_finance; normative score, not measured compliance or effectiveness",1,,Named national/EU measure in official PaM reporting; regulatory/fiscal support or public SEAI delivery programme,"The Non-Domestic Microgen Scheme by SEAI (Sustainable Energy Authority of Ireland) operates as part of the Microgeneration Support Scheme (MSS), launched by the Irish Government to provide incentives for the installation of microgeneration systems (including solar, hydro and wind technologies) to assist the business, agricultural, public body, or non-profit sectors to develop renewable generation for self-consumption. The Non-Domestic Microgen Scheme provides financial assistance towards the design, purchase and installation of a solar photovoltaic (PV) system for a non-domestic building. Under the With Existing Measures scenario, it is assumed that new savings continue to accrue each year until 2030.",https://www.seai.ie/grants/business-grants/commercial-solar-pv/
87,IRL_P0087,Industry,Industry,deployment_support,supply_deployment,L3_measure_programme,Mixed,Economic,,none,unmatched,0.25,"Ordinal scope score 0.25: Defined technology, building cohort, activity or recipient segment. Scope interpreted from the EEA description and named programme. Not a measured activity or emissions share.",0.5,"Prompt rubric applied to deployment_support; normative score, not measured compliance or effectiveness",0,Strategy published in 2024; binding/funded implementation before 2024 not established,Named national/EU measure in official PaM reporting; regulatory/fiscal support or public SEAI delivery programme,"The Irish Government has outlined in its Climate Action Plan 2024 that it is committed to the production of up to 5.7 TWh of indigenous biomethane by 2030. A National Biomethane Strategy was developed which sets out a pathway to achieve this target. The National Biomethane Strategy sets out twenty-five actions to be delivered in the coming years to enable the development of the sector, including the provision of Capital Grants, the Renewable Heat Obligation and industry investment. Under the With Existing Measures scenario, it is assumed that 1 TWh will delivered by 2030 based on consultation with the Department of Agriculture, Food and the Marine and the Department of Climate, Energy and the Environment. Note that estimated emissions reductions for this PaM do not include the effects of electricity generation from biomethane under the WEM scenario as it is included under PaM 26.",https://www.gov.ie/en/publication/79659-climate-action-plan-2024/
87,IRL_P0087,Transport,Industry,deployment_support,supply_deployment,L3_measure_programme,Mixed,Economic,,none,unmatched,0.25,"Ordinal scope score 0.25: Defined technology, building cohort, activity or recipient segment. Scope interpreted from the EEA description and named programme. Not a measured activity or emissions share.",0.5,"Prompt rubric applied to deployment_support; normative score, not measured compliance or effectiveness",0,Strategy published in 2024; binding/funded implementation before 2024 not established,Named national/EU measure in official PaM reporting; regulatory/fiscal support or public SEAI delivery programme,"The Irish Government has outlined in its Climate Action Plan 2024 that it is committed to the production of up to 5.7 TWh of indigenous biomethane by 2030. A National Biomethane Strategy was developed which sets out a pathway to achieve this target. The National Biomethane Strategy sets out twenty-five actions to be delivered in the coming years to enable the development of the sector, including the provision of Capital Grants, the Renewable Heat Obligation and industry investment. Under the With Existing Measures scenario, it is assumed that 1 TWh will delivered by 2030 based on consultation with the Department of Agriculture, Food and the Marine and the Department of Climate, Energy and the Environment. Note that estimated emissions reductions for this PaM do not include the effects of electricity generation from biomethane under the WEM scenario as it is included under PaM 26.",https://www.gov.ie/en/publication/79659-climate-action-plan-2024/
87,IRL_P0087,Buildings,Industry,deployment_support,supply_deployment,L3_measure_programme,Mixed,Economic,,none,unmatched,0.25,"Ordinal scope score 0.25: Defined technology, building cohort, activity or recipient segment. Scope interpreted from the EEA description and named programme. Not a measured activity or emissions share.",0.5,"Prompt rubric applied to deployment_support; normative score, not measured compliance or effectiveness",0,Strategy published in 2024; binding/funded implementation before 2024 not established,Named national/EU measure in official PaM reporting; regulatory/fiscal support or public SEAI delivery programme,"The Irish Government has outlined in its Climate Action Plan 2024 that it is committed to the production of up to 5.7 TWh of indigenous biomethane by 2030. A National Biomethane Strategy was developed which sets out a pathway to achieve this target. The National Biomethane Strategy sets out twenty-five actions to be delivered in the coming years to enable the development of the sector, including the provision of Capital Grants, the Renewable Heat Obligation and industry investment. Under the With Existing Measures scenario, it is assumed that 1 TWh will delivered by 2030 based on consultation with the Department of Agriculture, Food and the Marine and the Department of Climate, Energy and the Environment. Note that estimated emissions reductions for this PaM do not include the effects of electricity generation from biomethane under the WEM scenario as it is included under PaM 26.",https://www.gov.ie/en/publication/79659-climate-action-plan-2024/
107,IRL_P0090,Buildings,Buildings,subsidies_finance,asset_subsidy,L3_measure_programme,ESR,Economic,LEV4_FIN_MECH_B_C,partial,category_context,0.25,"Ordinal scope score 0.25: Defined technology, building cohort, activity or recipient segment. Scope interpreted from the EEA description and named programme. Not a measured activity or emissions share.",0.5,"Prompt rubric applied to subsidies_finance; normative score, not measured compliance or effectiveness",0,"Reported implementation begins in 2024, after the core period",Named national/EU measure in official PaM reporting; regulatory/fiscal support or public SEAI delivery programme,"The Business Energy Upgrade Scheme by the Sustainable Energy Authority of Ireland (SEAI) provides financial assistance for a range of energy upgrade measures to assist SMEs with retrofitting. The Scheme is available to businesses, the agricultural sector, public sector bodies, schools, community centres and non-profit societies. The Scheme includes grants for solar thermal and solar PV, building fabric upgrades, heating and cooling upgrades and technical assistance. Under the With Existing Measures scenario, it is assumed that new savings continue to accrue each year until 2030.",https://www.seai.ie/grants/business-grants/rapid-approval
100,IRL_P0100,F-gases,F-gases,standards,process_regulation,L2_instrument,ESR,Regulatory,,none,unmatched,0.25,"Ordinal scope score 0.25: Defined technology, building cohort, activity or recipient segment. Scope interpreted from the EEA description and named programme. Not a measured activity or emissions share.",1.0,"Prompt rubric applied to standards; normative score, not measured compliance or effectiveness",0,"Reported implementation begins in 2024, after the core period",Named national/EU measure in official PaM reporting; regulatory/fiscal support or public SEAI delivery programme,"The F-Gas Regulation (Regulation (EU) 2024/573) a) lays down rules on containment, use, recovery, recycling, reclamation and destruction of fluorinated greenhouse gases and on related ancillary measures, such as certification and training, which includes the safe handling of fluorinated greenhouse gases and of alternative substances that are not fluorinated; b) imposes conditions on the production, import, export, placing on the market, subsequent supply and use of fluorinated greenhouse gases, and of specific products and equipment containing fluorinated greenhouse gases or whose functioning relies upon those gases; c) imposes conditions on specific uses of fluorinated greenhouse gases; and d) establishes quantitative limits for the placing on the market of hydrofluorocarbons.",https://eur-lex.europa.eu/legal-content/EN/TXT/?uri=CELEX%3A02024R0573-20240220
101,IRL_P0101,Agriculture,Agriculture,subsidies_finance,process_regulation,L3_measure_programme,ESR,Economic,,none,unmatched,0.25,"Ordinal scope score 0.25: Defined technology, building cohort, activity or recipient segment. Liming and associated fertiliser substitution; source also notes CO2 increase. Not a measured activity or emissions share.",0.5,"Prompt rubric applied to subsidies_finance; normative score, not measured compliance or effectiveness",1,,Named national/EU measure in official PaM reporting; regulatory/fiscal support or public SEAI delivery programme,This measure captures the impact of reduced N fertiliser use due to improved nutrient use efficiency from liming (target liming usage of 2 Mt per annum) and an increase in direct CO2 emissions from lime application to soils.,"https://assets.gov.ie/static/documents/ag-climatise-a-roadmap-towards-climate-neutrality.pdf, https://teagasc.ie/publications/macc-2023-php/"
102,IRL_P0102,Buildings,Buildings,information_voluntary,information_voluntary,L3_measure_programme,ESR,Economic,,none,unmatched,0.25,"Ordinal scope score 0.25: Defined technology, building cohort, activity or recipient segment. Scope interpreted from the EEA description and named programme. Not a measured activity or emissions share.",0.25,"Prompt rubric applied to information_voluntary; normative score, not measured compliance or effectiveness",0,"Reported implementation begins in 2024, after the core period",Named national/EU measure in official PaM reporting; regulatory/fiscal support or public SEAI delivery programme,"The Sustainable Energy Authority of Ireland's support scheme for energy audits (SSEA) offers SMEs a €2,000 voucher towards the cost of a high-quality energy audit. The energy audit may be carried out on buildings, processes, or systems and it is a three-step process which involves preparation, a site visit and reporting. The audit report that compiles the findings will help a SME to understand how much energy a business uses, the equipment and processes that use the most energy and what actions a business should take to save energy, and their estimated cost and impact. Under the With Existing (WEM) Measures scenario, it is assumed that new savings continue to accrue each year until 2030.",https://www.seai.ie/grants/business-grants/energy-audits
102,IRL_P0102,Industry,Buildings,information_voluntary,information_voluntary,L3_measure_programme,ESR,Economic,,none,unmatched,0.25,"Ordinal scope score 0.25: Defined technology, building cohort, activity or recipient segment. Scope interpreted from the EEA description and named programme. Not a measured activity or emissions share.",0.25,"Prompt rubric applied to information_voluntary; normative score, not measured compliance or effectiveness",0,"Reported implementation begins in 2024, after the core period",Named national/EU measure in official PaM reporting; regulatory/fiscal support or public SEAI delivery programme,"The Sustainable Energy Authority of Ireland's support scheme for energy audits (SSEA) offers SMEs a €2,000 voucher towards the cost of a high-quality energy audit. The energy audit may be carried out on buildings, processes, or systems and it is a three-step process which involves preparation, a site visit and reporting. The audit report that compiles the findings will help a SME to understand how much energy a business uses, the equipment and processes that use the most energy and what actions a business should take to save energy, and their estimated cost and impact. Under the With Existing (WEM) Measures scenario, it is assumed that new savings continue to accrue each year until 2030.",https://www.seai.ie/grants/business-grants/energy-audits
