source_id,publisher,title,publication_date,url,locator,access_status,access_date
OECD_FAQ,OECD,CAPMF FAQ,2025-04-24,https://www.oecd.org/en/data/insights/data-explainers/2025/04/the-climate-actions-and-policies-measurement-framework-capmf.html,"Sections 2–3: stringency, effectiveness, structure and aggregation",full_page,2026-09-25
OECD_TECH,OECD,CAPMF database documentation,edition refers to 2022 aggregation,https://stats.oecd.org/wbos/fileview2.aspx?IDFile=447525d8-ef1f-411b-98ad-56a68d25b99f,"Printed pp. 6, 14, 16: flags/aggregation; building codes; industry mandates",full_pdf_edition_older_than_export,2026-09-25
EEA_GUIDE,European Commission / EEA,"Reporting guidelines Dataflow 9–14, version 2.0",2025-01-10,https://www.eionet.europa.eu/reportnet/docs/govreg/policies-and-measures/reporting-guidelines-dataflow-9-to-14-policies-and-measures.pdf/@@download/file/Reporting%20guidelines%20-%20Dataflow%209%20to%2014%20-%20Policies%20and%20measures%20%5B2025%5D.pdf,"Sections 4.2.5–6, 4.2.16, 4.3; pp. 30–32, 60–61, 72–76",full_pdf,2026-09-25
EEA_APP,EEA,Integrated national climate and energy policies and measures,application refreshed 2026-07-31,https://pam.apps.eea.europa.eu/,Database introduction and reporting coverage,full_page,2026-09-25
CARBON_2010,Houses of the Oireachtas,Ministerial answer on carbon tax commencement,2010-06-03,https://www.oireachtas.ie/en/debates/debate/dail/2010-06-03/42/,Answer stating 10 December 2009 for road fuels and 1 May 2010 for heating fuels,indexed_primary_excerpt_full_open_failed,2026-09-25
CARBON_2010B,Houses of the Oireachtas,Ministerial answer on carbon tax,2010-05-25,https://www.oireachtas.ie/en/debates/question/2010-05-25/section/36/,Answer states midnight 9 December 2009 and 1 May 2010,indexed_primary_excerpt_full_open_failed,2026-09-25
SFCT,Revenue Commissioners,Solid Fuel Carbon Tax overview,2026-08-14,https://www.revenue.ie/en/companies-and-charities/excise-and-licences/energy-taxes/solid-fuel-carbon-tax/index.aspx,Overview: first supplies from 1 May 2013,full_page,2026-09-25
EEOS,SEAI,About the Energy Efficiency Obligation Scheme,accessed 2026-09-25,https://www.seai.ie/about/regulatory-functions/energy-efficiency-obligation-scheme/about-eeos,Background; How does the scheme work?,full_page,2026-09-25
BIOMETHANE,Government of Ireland,National Biomethane Strategy,2024-05-28,https://www.gov.ie/en/department-of-climate-energy-and-the-environment/publications/national-biomethane-strategy/,Publication date and policy roadmap description,indexed_primary_excerpt_full_open_403,2026-09-25
PARTL2017,Irish Statute Book,S.I. 538/2017: Building Regulations (Part L Amendment),2017,https://www.irishstatutebook.ie/eli/2017/si/538/made/en/print,Commencement/application: relevant works on or after 1 January 2019; transitional exceptions,indexed_primary_excerpt_full_open_403,2026-09-25
CAPMF_EXPORT,OECD,"CAPMF Ireland export, 1990–2023; attached CSV",2025-03-11,https://data-explorer.oecd.org/vis?df[ag]=OECD.ENV.EPI&df[id]=DSD_CAPMF@DF_CAPMF,Attached 7548-observation SDMX CSV; LEV3/LEV4 stringency variables,supplied_raw_data,2026-09-25
EPA_ETS,Environmental Protection Agency,EU ETS – Aviation,accessed 2026-09-25,https://www.epa.ie/our-services/licensing/climate-change/eu-emissions-trading-system-/emissions-trading-system---aviation/,"Introduction: electricity/industry from 2005, aviation from 2012; scope limitations",full_page,2026-09-25
ACT2015,Law Reform Commission,"Climate Action and Low Carbon Development Act 2015, front matter",2015-12-10,https://revisedacts.lawreform.ie/eli/2015/act/46/front/revised/en/html,Original enactment date and original title/purpose; later consolidated provisions not backdated,full_page,2026-09-25
ACT2021,Irish Statute Book,Climate Action and Low Carbon Development (Amendment) Act 2021,2021-07-23,https://www.irishstatutebook.ie/eli/2021/act/32/enacted/en/html,"Enactment date, statutory 2050 objective and framework provisions",indexed_primary_excerpt_full_open_403,2026-09-25
BUDGETS,Government of Ireland,Carbon Budgets,2022,https://www.gov.ie/en/department-of-climate-energy-and-the-environment/publications/carbon-budgets/,First carbon-budget programme came into effect on 6 April 2022,indexed_primary_excerpt_full_open_403,2026-09-25
CEILINGS,Government of Ireland,Sectoral Emissions Ceilings,2022,https://www.gov.ie/en/department-of-climate-energy-and-the-environment/publications/sectoral-emissions-ceilings/,Sectoral ceilings agreed 28 July 2022,indexed_primary_excerpt_full_open_403,2026-09-25
CCAC,Law Reform Commission,"Climate Act 2015, section 8, establishment annotations",2016-01-18,https://revisedacts.lawreform.ie/eli/2015/act/46/section/8/revised/en/html,Establishment-day order: 18 January 2016,indexed_primary_excerpt,2026-09-25
CARS_2020,European Union,Regulation (EU) 2019/631 on CO2 performance standards for cars and vans,2019-04-17,https://eur-lex.europa.eu/legal-content/EN/TXT/?uri=CELEX:32019R0631,Recital 2: applies from 1 January 2020; replaces 443/2009 and 510/2011,indexed_primary_excerpt_full_page_bot_challenge,2026-09-25
SEAI_AUDIT,Sustainable Energy Authority of Ireland,Energy Auditing Compliance Scheme,accessed 2026-09-25,https://www.seai.ie/plan-your-energy-journey/public-sector/energy-auditing,SI 426/2014; first compliance December 2015; ETS exemption change 2019; scope is not EEOS,full_page,2026-09-25
MOTORS,European Commission,Electric Motors: ecodesign requirements,accessed 2026-09-25,https://energy-efficient-products.ec.europa.eu/product-list/electric-motors_en,Regulation 2019/1781 replaces Regulation 640/2009; commencement of measurement family from CAPMF 2011,indexed_primary_excerpt,2026-09-25
FOSSIL_LICENCES,Government of Ireland,Oil and Gas Exploration and Production,accessed 2026-09-25,https://www.gov.ie/en/department-of-climate-energy-and-the-environment/policy-information/oil-and-gas-exploration-and-production/,Section 21 of 2021 Act restricts new petroleum authorisations; existing permissions remain,indexed_primary_excerpt,2026-09-25
REFIT,Government of Ireland,Renewable Energy Feed-in Tariff (REFIT) Scheme,accessed 2026-09-25,https://www.gov.ie/en/department-of-climate-energy-and-the-environment/publications/renewable-energy-feed-in-tariff-refit-scheme/,Announced May 2006; State aid approval September 2007; legacy payments continue,indexed_primary_excerpt,2026-09-25
RESS,Government of Ireland,Renewable Electricity Support Scheme 1 (RESS 1),2020,https://www.gov.ie/en/department-of-climate-energy-and-the-environment/publications/renewable-electricity-support-scheme-ress-1/,First auction in 2020; predecessor/successor programmes coexist through supported contracts,indexed_primary_excerpt,2026-09-25
LIEN,Sustainable Energy Authority of Ireland,Large Industry Network Results,2019,https://www.seai.ie/blog/large-industry-network,Voluntary scheme classification; not a compulsory energy-efficiency mandate,indexed_primary_excerpt,2026-09-25
COMPOSITE,OECD/European Union/EC-JRC,Handbook on Constructing Composite Indicators: Methodology and User Guide,2008-08-22,https://www.oecd.org/en/publications/handbook-on-constructing-composite-indicators-methodology-and-user-guide_9789264043466-en.html,General composite-indicator methodology; does not validate the rubric or timing parameters used here,full_publication_page,2026-09-25
