policy_id,policy_name,sector,layer,mechanism,mechanism_class,regime,instrument_type,ghg_affected,source_datasets,eea_pam_ids,all_eea_variant_ids,prior_policy_ids,claude_policy_unit_ids,capmf_code,match_confidence,capmf_match_scope,selection_rule,materiality_group_flag,anchor_flag,sector_effect_rank,reported_effect_kt,effect_source,effect_reference_year,effect_value_state,effect_source_field,materiality_sector,materiality_effect_kt,start_year,end_year,start_year_basis,legacy,coverage_share,coverage_rationale,bindingness,bindingness_rationale,source_citation,source_row_numbers,flags,aggregation_role,member_policy_ids,core_flag
IRL_P0001,Large Industry Energy Network,Industry,L3_measure_programme,information_voluntary,information_voluntary,Mixed,Voluntary/negotiated agreements,CO2,EEA,1,1;44,IRL_P0001,U038,,none,unmatched,materiality_90pct,1,0,1.0,709.52,expost_2024,2024.0,positive,Average expost emission reduction  kt CO2eq y GHG,Industry,709.52,2000,,Reconciled EEA record; source dates retained in selection log,not_applicable_open,0.5,"Ordinal scope score 0.5: Major subsector or broad programme coverage. Voluntary large-industrial-user network, supported by SEAI. Not a measured activity or emissions share.",0.25,"Prompt rubric applied to information_voluntary; normative score, not measured compliance or effectiveness","EEA. Ireland PaMs report 1849, PaM 1, Excel row 2; attached Ireland Pams(3).xlsx. https://pam.apps.eea.europa.eu/ (source snapshot inferred 2026). | Sustainable Energy Authority of Ireland. Large Industry Network Results. https://www.seai.ie/blog/large-industry-network (accessed 2026-09-25; indexed_primary_excerpt)",2,LIEN_source_regulatory_label_reclassified_voluntary;normative_bindingness;ordinal_coverage;retrospective_selection,policy_or_programme,IRL_P0001,True
IRL_P0002,Accelerated Capital Allowance for energy efficient equipment,Industry,L3_measure_programme,subsidies_finance,asset_subsidy,Mixed,Fiscal,CO2,EEA+CAPMF,2,2;43,IRL_P0002,U007,LEV4_FIN_MECH_I,partial,category_context,materiality_90pct,1,0,2.0,114.957,expost_2024,2024.0,positive,Average expost emission reduction  kt CO2eq y GHG,Industry,114.957,2008,,Reconciled EEA record; source dates retained in selection log,not_applicable_open,0.25,"Ordinal scope score 0.25: Defined technology, building cohort, activity or recipient segment. Scope interpreted from the EEA description and named programme. Not a measured activity or emissions share.",0.5,"Prompt rubric applied to subsidies_finance; normative score, not measured compliance or effectiveness","EEA. Ireland PaMs report 1849, PaM 2, Excel row 3; attached Ireland Pams(3).xlsx. https://pam.apps.eea.europa.eu/ (source snapshot inferred 2026). | OECD. CAPMF Ireland export, 1990–2023; attached CSV. https://data-explorer.oecd.org/vis?df[ag]=OECD.ENV.EPI&df[id]=DSD_CAPMF@DF_CAPMF (accessed 2026-09-25; supplied_raw_data)",3,CAPMF_category_proxy_not_programme_specific;effect_assigned_once_to_primary_sector_for_selection;normative_bindingness;ordinal_coverage;retrospective_selection,policy_or_programme,IRL_P0002,True
IRL_P0002,Accelerated Capital Allowance for energy efficient equipment,Buildings,L3_measure_programme,subsidies_finance,asset_subsidy,Mixed,Fiscal,CO2,EEA+CAPMF,2,2;43,IRL_P0002,U007,LEV4_FIN_MECH_B_C,partial,category_context,materiality_90pct,1,0,2.0,114.957,expost_2024,2024.0,positive,Average expost emission reduction  kt CO2eq y GHG,Industry,,2008,,Reconciled EEA record; source dates retained in selection log,not_applicable_open,0.25,"Ordinal scope score 0.25: Defined technology, building cohort, activity or recipient segment. Scope interpreted from the EEA description and named programme. Not a measured activity or emissions share.",0.5,"Prompt rubric applied to subsidies_finance; normative score, not measured compliance or effectiveness","EEA. Ireland PaMs report 1849, PaM 2, Excel row 3; attached Ireland Pams(3).xlsx. https://pam.apps.eea.europa.eu/ (source snapshot inferred 2026). | OECD. CAPMF Ireland export, 1990–2023; attached CSV. https://data-explorer.oecd.org/vis?df[ag]=OECD.ENV.EPI&df[id]=DSD_CAPMF@DF_CAPMF (accessed 2026-09-25; supplied_raw_data)",3,CAPMF_category_proxy_not_programme_specific;effect_assigned_once_to_primary_sector_for_selection;normative_bindingness;ordinal_coverage;retrospective_selection,policy_or_programme,IRL_P0002,True
IRL_P0003,CHP Deployment - Public and Business sectors,Industry,L3_measure_programme,subsidies_finance,asset_subsidy,ETS,Economic,CO2,EEA,3,3;45,IRL_P0003,U012,,none,unmatched,materiality_90pct,1,0,3.0,106.546,expost_2024,2024.0,positive,Average expost emission reduction  kt CO2eq y GHG,Industry,106.546,2006,2011.0,Reconciled EEA record; source dates retained in selection log,continues,0.25,"Ordinal scope score 0.25: Defined technology, building cohort, activity or recipient segment. Scope interpreted from the EEA description and named programme. Not a measured activity or emissions share.",0.5,"Prompt rubric applied to subsidies_finance; normative score, not measured compliance or effectiveness","EEA. Ireland PaMs report 1849, PaM 3, Excel row 4; attached Ireland Pams(3).xlsx. https://pam.apps.eea.europa.eu/ (source snapshot inferred 2026).",4,effect_assigned_once_to_primary_sector_for_selection;normative_bindingness;ordinal_coverage;retrospective_selection,policy_or_programme,IRL_P0003,True
IRL_P0003,CHP Deployment - Public and Business sectors,Electricity,L3_measure_programme,subsidies_finance,asset_subsidy,ETS,Economic,CO2,EEA,3,3;45,IRL_P0003,U012,,none,unmatched,materiality_90pct,1,0,3.0,106.546,expost_2024,2024.0,positive,Average expost emission reduction  kt CO2eq y GHG,Industry,,2006,2011.0,Reconciled EEA record; source dates retained in selection log,continues,0.25,"Ordinal scope score 0.25: Defined technology, building cohort, activity or recipient segment. Scope interpreted from the EEA description and named programme. Not a measured activity or emissions share.",0.5,"Prompt rubric applied to subsidies_finance; normative score, not measured compliance or effectiveness","EEA. Ireland PaMs report 1849, PaM 3, Excel row 4; attached Ireland Pams(3).xlsx. https://pam.apps.eea.europa.eu/ (source snapshot inferred 2026).",4,effect_assigned_once_to_primary_sector_for_selection;normative_bindingness;ordinal_coverage;retrospective_selection,policy_or_programme,IRL_P0003,True
IRL_P0004,Renewable Heat (ReHeat) Programme,Buildings,L3_measure_programme,subsidies_finance,asset_subsidy,ESR,Economic,CO2,EEA+CAPMF,4,4,IRL_P0004,U057,LEV4_FIN_MECH_B_C,partial,category_context,residual,0,0,14.0,68.2704,expost_2024,2024.0,positive,Average expost emission reduction  kt CO2eq y GHG,Buildings,68.2704,2008,2011.0,Reconciled EEA record; source dates retained in selection log,continues,0.25,"Ordinal scope score 0.25: Defined technology, building cohort, activity or recipient segment. Scope interpreted from the EEA description and named programme. Not a measured activity or emissions share.",0.5,"Prompt rubric applied to subsidies_finance; normative score, not measured compliance or effectiveness","EEA. Ireland PaMs report 1849, PaM 4, Excel row 5; attached Ireland Pams(3).xlsx. https://pam.apps.eea.europa.eu/ (source snapshot inferred 2026). | OECD. CAPMF Ireland export, 1990–2023; attached CSV. https://data-explorer.oecd.org/vis?df[ag]=OECD.ENV.EPI&df[id]=DSD_CAPMF@DF_CAPMF (accessed 2026-09-25; supplied_raw_data)",5,CAPMF_category_proxy_not_programme_specific;effect_assigned_once_to_primary_sector_for_selection;normative_bindingness;ordinal_coverage;retrospective_selection,policy_or_programme,IRL_P0004,False
IRL_P0004,Renewable Heat (ReHeat) Programme,Industry,L3_measure_programme,subsidies_finance,asset_subsidy,ESR,Economic,CO2,EEA+CAPMF,4,4,IRL_P0004,U057,LEV4_FIN_MECH_I,partial,category_context,residual,0,0,14.0,68.2704,expost_2024,2024.0,positive,Average expost emission reduction  kt CO2eq y GHG,Buildings,,2008,2011.0,Reconciled EEA record; source dates retained in selection log,continues,0.25,"Ordinal scope score 0.25: Defined technology, building cohort, activity or recipient segment. Scope interpreted from the EEA description and named programme. Not a measured activity or emissions share.",0.5,"Prompt rubric applied to subsidies_finance; normative score, not measured compliance or effectiveness","EEA. Ireland PaMs report 1849, PaM 4, Excel row 5; attached Ireland Pams(3).xlsx. https://pam.apps.eea.europa.eu/ (source snapshot inferred 2026). | OECD. CAPMF Ireland export, 1990–2023; attached CSV. https://data-explorer.oecd.org/vis?df[ag]=OECD.ENV.EPI&df[id]=DSD_CAPMF@DF_CAPMF (accessed 2026-09-25; supplied_raw_data)",5,CAPMF_category_proxy_not_programme_specific;effect_assigned_once_to_primary_sector_for_selection;normative_bindingness;ordinal_coverage;retrospective_selection,policy_or_programme,IRL_P0004,False
IRL_P0005,Carbon Tax,Buildings,L2_instrument,pricing,price_flow,ESR,Fiscal,CO2,EEA+CAPMF,5,46;5,IRL_P0005,U013,LEV4_CARBONTAX_B,exact,instrument_family,anchor_capmf,0,1,,846.327,expost_2024,2024.0,positive,Average expost emission reduction  kt CO2eq y GHG,Cross-sectoral,,2010,,Reconciled EEA record; source dates retained in selection log,not_applicable_open,0.5,Ordinal scope score 0.5: Major subsector or broad programme coverage. Non-ETS fuel uses only; industrial exemptions apply. Not a measured activity or emissions share.,0.75,"Prompt rubric applied to pricing; normative score, not measured compliance or effectiveness","EEA. Ireland PaMs report 1849, PaM 5, Excel row 6; attached Ireland Pams(3).xlsx. https://pam.apps.eea.europa.eu/ (source snapshot inferred 2026). | OECD. CAPMF Ireland export, 1990–2023; attached CSV. https://data-explorer.oecd.org/vis?df[ag]=OECD.ENV.EPI&df[id]=DSD_CAPMF@DF_CAPMF (accessed 2026-09-25; supplied_raw_data) | Houses of the Oireachtas. Ministerial answer on carbon tax commencement. https://www.oireachtas.ie/en/debates/debate/dail/2010-06-03/42/ (accessed 2026-09-25; indexed_primary_excerpt_full_open_failed) | Houses of the Oireachtas. Ministerial answer on carbon tax. https://www.oireachtas.ie/en/debates/question/2010-05-25/section/36/ (accessed 2026-09-25; indexed_primary_excerpt_full_open_failed) | Revenue Commissioners. Solid Fuel Carbon Tax overview. https://www.revenue.ie/en/companies-and-charities/excise-and-licences/energy-taxes/solid-fuel-carbon-tax/index.aspx (accessed 2026-09-25; full_page)",6,effect_assigned_once_to_primary_sector_for_selection;normative_bindingness;ordinal_coverage;retrospective_selection;source_date_conflict;unallocated_multisector_effect_excluded_from_sector_ranking,policy_or_programme,IRL_P0005,True
IRL_P0005,Carbon Tax,Transport,L2_instrument,pricing,price_flow,ESR,Fiscal,CO2,EEA+CAPMF,5,46;5,IRL_P0005,U013,LEV4_CARBONTAX_T,exact,instrument_family,anchor_capmf,0,1,,846.327,expost_2024,2024.0,positive,Average expost emission reduction  kt CO2eq y GHG,Cross-sectoral,,2009,,Reconciled EEA record; source dates retained in selection log,not_applicable_open,0.5,Ordinal scope score 0.5: Major subsector or broad programme coverage. Non-ETS fuel uses only; industrial exemptions apply. Not a measured activity or emissions share.,0.75,"Prompt rubric applied to pricing; normative score, not measured compliance or effectiveness","EEA. Ireland PaMs report 1849, PaM 5, Excel row 6; attached Ireland Pams(3).xlsx. https://pam.apps.eea.europa.eu/ (source snapshot inferred 2026). | OECD. CAPMF Ireland export, 1990–2023; attached CSV. https://data-explorer.oecd.org/vis?df[ag]=OECD.ENV.EPI&df[id]=DSD_CAPMF@DF_CAPMF (accessed 2026-09-25; supplied_raw_data) | Houses of the Oireachtas. Ministerial answer on carbon tax commencement. https://www.oireachtas.ie/en/debates/debate/dail/2010-06-03/42/ (accessed 2026-09-25; indexed_primary_excerpt_full_open_failed) | Houses of the Oireachtas. Ministerial answer on carbon tax. https://www.oireachtas.ie/en/debates/question/2010-05-25/section/36/ (accessed 2026-09-25; indexed_primary_excerpt_full_open_failed) | Revenue Commissioners. Solid Fuel Carbon Tax overview. https://www.revenue.ie/en/companies-and-charities/excise-and-licences/energy-taxes/solid-fuel-carbon-tax/index.aspx (accessed 2026-09-25; full_page)",6,effect_assigned_once_to_primary_sector_for_selection;normative_bindingness;ordinal_coverage;retrospective_selection;source_date_conflict;unallocated_multisector_effect_excluded_from_sector_ranking,policy_or_programme,IRL_P0005,True
IRL_P0005,Carbon Tax,Industry,L2_instrument,pricing,price_flow,ESR,Fiscal,CO2,EEA+CAPMF,5,46;5,IRL_P0005,U013,LEV4_CARBONTAX_I,exact,instrument_family,anchor_capmf,0,1,,846.327,expost_2024,2024.0,positive,Average expost emission reduction  kt CO2eq y GHG,Cross-sectoral,,2010,,Reconciled EEA record; source dates retained in selection log,not_applicable_open,0.25,"Ordinal scope score 0.25: Defined technology, building cohort, activity or recipient segment. Non-ETS fuel uses only; industrial exemptions apply. Not a measured activity or emissions share.",0.75,"Prompt rubric applied to pricing; normative score, not measured compliance or effectiveness","EEA. Ireland PaMs report 1849, PaM 5, Excel row 6; attached Ireland Pams(3).xlsx. https://pam.apps.eea.europa.eu/ (source snapshot inferred 2026). | OECD. CAPMF Ireland export, 1990–2023; attached CSV. https://data-explorer.oecd.org/vis?df[ag]=OECD.ENV.EPI&df[id]=DSD_CAPMF@DF_CAPMF (accessed 2026-09-25; supplied_raw_data) | Houses of the Oireachtas. Ministerial answer on carbon tax commencement. https://www.oireachtas.ie/en/debates/debate/dail/2010-06-03/42/ (accessed 2026-09-25; indexed_primary_excerpt_full_open_failed) | Houses of the Oireachtas. Ministerial answer on carbon tax. https://www.oireachtas.ie/en/debates/question/2010-05-25/section/36/ (accessed 2026-09-25; indexed_primary_excerpt_full_open_failed) | Revenue Commissioners. Solid Fuel Carbon Tax overview. https://www.revenue.ie/en/companies-and-charities/excise-and-licences/energy-taxes/solid-fuel-carbon-tax/index.aspx (accessed 2026-09-25; full_page)",6,effect_assigned_once_to_primary_sector_for_selection;normative_bindingness;ordinal_coverage;retrospective_selection;source_date_conflict;unallocated_multisector_effect_excluded_from_sector_ranking,policy_or_programme,IRL_P0005,True
IRL_P0006,Public Sector Programme,Buildings,L3_measure_programme,information_voluntary,information_voluntary,ESR,Economic,CO2,EEA,6,47;6,IRL_P0006,U052,,none,unmatched,materiality_90pct,1,0,3.0,491.268,expost_2024,2024.0,positive,Average expost emission reduction  kt CO2eq y GHG,Buildings,491.268,2011,,Reconciled EEA record; source dates retained in selection log,not_applicable_open,0.25,"Ordinal scope score 0.25: Defined technology, building cohort, activity or recipient segment. Scope interpreted from the EEA description and named programme. Not a measured activity or emissions share.",0.25,"Prompt rubric applied to information_voluntary; normative score, not measured compliance or effectiveness","EEA. Ireland PaMs report 1849, PaM 6, Excel row 7; attached Ireland Pams(3).xlsx. https://pam.apps.eea.europa.eu/ (source snapshot inferred 2026).",7,normative_bindingness;ordinal_coverage;retrospective_selection,policy_or_programme,IRL_P0006,True
IRL_P0007,Supports for Exemplar Energy Efficiency Projects (SEEEP) and Energy Efficiency Retrofit Fund (EERF) & Better Energy Workplaces,Buildings,L3_measure_programme,subsidies_finance,asset_subsidy,ESR,Economic,CO2,EEA+CAPMF,7,7,IRL_P0007,U063,LEV4_FIN_MECH_B_C,partial,category_context,residual,0,0,13.0,82.1839,expost_2024,2024.0,positive,Average expost emission reduction  kt CO2eq y GHG,Buildings,82.1839,2009,2010.0,Reconciled EEA record; source dates retained in selection log,continues,0.25,"Ordinal scope score 0.25: Defined technology, building cohort, activity or recipient segment. Scope interpreted from the EEA description and named programme. Not a measured activity or emissions share.",0.5,"Prompt rubric applied to subsidies_finance; normative score, not measured compliance or effectiveness","EEA. Ireland PaMs report 1849, PaM 7, Excel row 8; attached Ireland Pams(3).xlsx. https://pam.apps.eea.europa.eu/ (source snapshot inferred 2026). | OECD. CAPMF Ireland export, 1990–2023; attached CSV. https://data-explorer.oecd.org/vis?df[ag]=OECD.ENV.EPI&df[id]=DSD_CAPMF@DF_CAPMF (accessed 2026-09-25; supplied_raw_data)",8,CAPMF_category_proxy_not_programme_specific;effect_assigned_once_to_primary_sector_for_selection;normative_bindingness;ordinal_coverage;retrospective_selection,policy_or_programme,IRL_P0007,False
IRL_P0007,Supports for Exemplar Energy Efficiency Projects (SEEEP) and Energy Efficiency Retrofit Fund (EERF) & Better Energy Workplaces,Industry,L3_measure_programme,subsidies_finance,asset_subsidy,ESR,Economic,CO2,EEA+CAPMF,7,7,IRL_P0007,U063,LEV4_FIN_MECH_I,partial,category_context,residual,0,0,13.0,82.1839,expost_2024,2024.0,positive,Average expost emission reduction  kt CO2eq y GHG,Buildings,,2009,2010.0,Reconciled EEA record; source dates retained in selection log,continues,0.25,"Ordinal scope score 0.25: Defined technology, building cohort, activity or recipient segment. Scope interpreted from the EEA description and named programme. Not a measured activity or emissions share.",0.5,"Prompt rubric applied to subsidies_finance; normative score, not measured compliance or effectiveness","EEA. Ireland PaMs report 1849, PaM 7, Excel row 8; attached Ireland Pams(3).xlsx. https://pam.apps.eea.europa.eu/ (source snapshot inferred 2026). | OECD. CAPMF Ireland export, 1990–2023; attached CSV. https://data-explorer.oecd.org/vis?df[ag]=OECD.ENV.EPI&df[id]=DSD_CAPMF@DF_CAPMF (accessed 2026-09-25; supplied_raw_data)",8,CAPMF_category_proxy_not_programme_specific;effect_assigned_once_to_primary_sector_for_selection;normative_bindingness;ordinal_coverage;retrospective_selection,policy_or_programme,IRL_P0007,False
IRL_P0008,Small and Medium Enterprises (SME) Programme,Buildings,L3_measure_programme,information_voluntary,information_voluntary,ESR,Education,CO2,EEA,8,48;8,IRL_P0008,U059,,none,unmatched,residual,0,0,16.0,45.512,expost_2024,2024.0,positive,Average expost emission reduction  kt CO2eq y GHG,Buildings,45.512,2008,2022.0,Reconciled EEA record; source dates retained in selection log,continues,0.25,"Ordinal scope score 0.25: Defined technology, building cohort, activity or recipient segment. Scope interpreted from the EEA description and named programme. Not a measured activity or emissions share.",0.25,"Prompt rubric applied to information_voluntary; normative score, not measured compliance or effectiveness","EEA. Ireland PaMs report 1849, PaM 8, Excel row 9; attached Ireland Pams(3).xlsx. https://pam.apps.eea.europa.eu/ (source snapshot inferred 2026).",9,effect_assigned_once_to_primary_sector_for_selection;normative_bindingness;ordinal_coverage;retrospective_selection,policy_or_programme,IRL_P0008,False
IRL_P0008,Small and Medium Enterprises (SME) Programme,Industry,L3_measure_programme,information_voluntary,information_voluntary,ESR,Education,CO2,EEA,8,48;8,IRL_P0008,U059,,none,unmatched,residual,0,0,16.0,45.512,expost_2024,2024.0,positive,Average expost emission reduction  kt CO2eq y GHG,Buildings,,2008,2022.0,Reconciled EEA record; source dates retained in selection log,continues,0.25,"Ordinal scope score 0.25: Defined technology, building cohort, activity or recipient segment. Scope interpreted from the EEA description and named programme. Not a measured activity or emissions share.",0.25,"Prompt rubric applied to information_voluntary; normative score, not measured compliance or effectiveness","EEA. Ireland PaMs report 1849, PaM 8, Excel row 9; attached Ireland Pams(3).xlsx. https://pam.apps.eea.europa.eu/ (source snapshot inferred 2026).",9,effect_assigned_once_to_primary_sector_for_selection;normative_bindingness;ordinal_coverage;retrospective_selection,policy_or_programme,IRL_P0008,False
IRL_P0013,Energy Efficient Boiler Regulation,Buildings,L2_instrument,standards,stock_appliances,ESR,Regulatory,CO2,EEA,13,13,IRL_P0013,U027,,none,unmatched,materiality_90pct,1,0,5.0,314.535,expost_2024,2024.0,positive,Average expost emission reduction  kt CO2eq y GHG,Buildings,314.535,2008,2022.0,Reconciled EEA record; source dates retained in selection log,continues,0.25,"Ordinal scope score 0.25: Defined technology, building cohort, activity or recipient segment. Scope interpreted from the EEA description and named programme. Not a measured activity or emissions share.",1.0,"Prompt rubric applied to standards; normative score, not measured compliance or effectiveness","EEA. Ireland PaMs report 1849, PaM 13, Excel row 14; attached Ireland Pams(3).xlsx. https://pam.apps.eea.europa.eu/ (source snapshot inferred 2026).",14,normative_bindingness;ordinal_coverage;retrospective_selection,policy_or_programme,IRL_P0013,True
IRL_P0015,Greener Homes Scheme,Buildings,L3_measure_programme,subsidies_finance,asset_subsidy,ESR,Economic,CO2,EEA+CAPMF,15,15,IRL_P0015,U031,LEV4_FIN_MECH_B_R,partial,category_context,residual,0,0,18.0,26.2191,expost_2024,2024.0,positive,Average expost emission reduction  kt CO2eq y GHG,Buildings,26.2191,2006,2011.0,Reconciled EEA record; source dates retained in selection log,continues,0.25,"Ordinal scope score 0.25: Defined technology, building cohort, activity or recipient segment. Scope interpreted from the EEA description and named programme. Not a measured activity or emissions share.",0.5,"Prompt rubric applied to subsidies_finance; normative score, not measured compliance or effectiveness","EEA. Ireland PaMs report 1849, PaM 15, Excel row 16; attached Ireland Pams(3).xlsx. https://pam.apps.eea.europa.eu/ (source snapshot inferred 2026). | OECD. CAPMF Ireland export, 1990–2023; attached CSV. https://data-explorer.oecd.org/vis?df[ag]=OECD.ENV.EPI&df[id]=DSD_CAPMF@DF_CAPMF (accessed 2026-09-25; supplied_raw_data)",16,CAPMF_category_proxy_not_programme_specific;normative_bindingness;ordinal_coverage;retrospective_selection,policy_or_programme,IRL_P0015,False
IRL_P0016,Warmer Homes Scheme,Buildings,L3_measure_programme,subsidies_finance,asset_subsidy,ESR,Economic,CO2,EEA+CAPMF,16,16;49,IRL_P0016,U066,LEV4_FIN_MECH_B_R,partial,category_context,residual,0,0,11.0,92.9962,expost_2024,2024.0,positive,Average expost emission reduction  kt CO2eq y GHG,Buildings,92.9962,2000,,Reconciled EEA record; source dates retained in selection log,not_applicable_open,0.25,"Ordinal scope score 0.25: Defined technology, building cohort, activity or recipient segment. Scope interpreted from the EEA description and named programme. Not a measured activity or emissions share.",0.5,"Prompt rubric applied to subsidies_finance; normative score, not measured compliance or effectiveness","EEA. Ireland PaMs report 1849, PaM 16, Excel row 17; attached Ireland Pams(3).xlsx. https://pam.apps.eea.europa.eu/ (source snapshot inferred 2026). | OECD. CAPMF Ireland export, 1990–2023; attached CSV. https://data-explorer.oecd.org/vis?df[ag]=OECD.ENV.EPI&df[id]=DSD_CAPMF@DF_CAPMF (accessed 2026-09-25; supplied_raw_data)",17,CAPMF_category_proxy_not_programme_specific;normative_bindingness;ordinal_coverage;retrospective_selection,policy_or_programme,IRL_P0016,False
IRL_P0017,Better Energy Homes,Buildings,L3_measure_programme,subsidies_finance,asset_subsidy,ESR,Economic,CO2,EEA+CAPMF,17,17;50,IRL_P0017,U010,LEV4_FIN_MECH_B_R,partial,category_context,materiality_90pct,1,0,4.0,394.819,expost_2024,2024.0,positive,Average expost emission reduction  kt CO2eq y GHG,Buildings,394.819,2011,,Reconciled EEA record; source dates retained in selection log,not_applicable_open,0.25,"Ordinal scope score 0.25: Defined technology, building cohort, activity or recipient segment. Scope interpreted from the EEA description and named programme. Not a measured activity or emissions share.",0.5,"Prompt rubric applied to subsidies_finance; normative score, not measured compliance or effectiveness","EEA. Ireland PaMs report 1849, PaM 17, Excel row 18; attached Ireland Pams(3).xlsx. https://pam.apps.eea.europa.eu/ (source snapshot inferred 2026). | OECD. CAPMF Ireland export, 1990–2023; attached CSV. https://data-explorer.oecd.org/vis?df[ag]=OECD.ENV.EPI&df[id]=DSD_CAPMF@DF_CAPMF (accessed 2026-09-25; supplied_raw_data)",18,CAPMF_category_proxy_not_programme_specific;normative_bindingness;ordinal_coverage;retrospective_selection,policy_or_programme,IRL_P0017,True
IRL_P0018,Electric vehicle deployment,Transport,L3_measure_programme,subsidies_finance,asset_subsidy,ESR,Economic,CO2,EEA,18,18;51,IRL_P0018,U024,,none,unmatched,materiality_90pct,1,0,3.0,210.64,expost_2024,2024.0,positive,Average expost emission reduction  kt CO2eq y GHG,Transport,210.64,2011,,Reconciled EEA record; source dates retained in selection log,not_applicable_open,0.25,"Ordinal scope score 0.25: Defined technology, building cohort, activity or recipient segment. Scope interpreted from the EEA description and named programme. Not a measured activity or emissions share.",0.5,"Prompt rubric applied to subsidies_finance; normative score, not measured compliance or effectiveness","EEA. Ireland PaMs report 1849, PaM 18, Excel row 19; attached Ireland Pams(3).xlsx. https://pam.apps.eea.europa.eu/ (source snapshot inferred 2026).",19,normative_bindingness;ordinal_coverage;retrospective_selection,policy_or_programme,IRL_P0018,True
IRL_P0019,Vehicle Registration Tax and Motor Tax Rebalancing,Transport,L2_instrument,pricing,stock_vehicles,ESR,Fiscal,CO2,EEA,19,19,IRL_P0019,U065,,none,unmatched,materiality_90pct,1,0,2.0,395.656,expost_2024,2024.0,positive,Average expost emission reduction  kt CO2eq y GHG,Transport,395.656,2008,2020.0,Reconciled EEA record; source dates retained in selection log,continues,0.25,"Ordinal scope score 0.25: Defined technology, building cohort, activity or recipient segment. Scope interpreted from the EEA description and named programme. Not a measured activity or emissions share.",0.75,"Prompt rubric applied to pricing; normative score, not measured compliance or effectiveness","EEA. Ireland PaMs report 1849, PaM 19, Excel row 20; attached Ireland Pams(3).xlsx. https://pam.apps.eea.europa.eu/ (source snapshot inferred 2026).",20,expiry_of_reported_rebalancing_phase_not_abolition_of_taxes;normative_bindingness;ordinal_coverage;retrospective_selection,policy_or_programme,IRL_P0019,True
IRL_P0023,Transposition of Mobile Air Conditioning Directive (Directive 2006/40/EC),F-gases,L2_instrument,standards,stock_vehicles,ESR,Regulatory,F-gases,EEA,23,23,IRL_P0023,U064,,none,unmatched,materiality_90pct,1,0,1.0,102.465,expost_2024,2024.0,positive,Average expost emission reduction  kt CO2eq y GHG,F-gases,102.465,2011,,Reconciled EEA record; source dates retained in selection log,not_applicable_open,0.25,"Ordinal scope score 0.25: Defined technology, building cohort, activity or recipient segment. Scope interpreted from the EEA description and named programme. Not a measured activity or emissions share.",1.0,"Prompt rubric applied to standards; normative score, not measured compliance or effectiveness","EEA. Ireland PaMs report 1849, PaM 23, Excel row 23; attached Ireland Pams(3).xlsx. https://pam.apps.eea.europa.eu/ (source snapshot inferred 2026).",23,normative_bindingness;ordinal_coverage;retrospective_selection,policy_or_programme,IRL_P0023,True
IRL_P0024,Landfill Directive (1999/31/EC),Waste,L2_instrument,practice_regulation,waste_fod,ESR,Regulatory,CH4,EEA,24,24,IRL_P0024,U037,,none,unmatched,materiality_90pct,1,0,1.0,688.486,expost_2024,2024.0,positive,Average expost emission reduction  kt CO2eq y GHG,Waste,688.486,1999,,Reconciled EEA record; source dates retained in selection log,not_applicable_open,0.25,"Ordinal scope score 0.25: Defined technology, building cohort, activity or recipient segment. Scope interpreted from the EEA description and named programme. Not a measured activity or emissions share.",1.0,"Prompt rubric applied to practice_regulation; normative score, not measured compliance or effectiveness","EEA. Ireland PaMs report 1849, PaM 24, Excel row 24; attached Ireland Pams(3).xlsx. https://pam.apps.eea.europa.eu/ (source snapshot inferred 2026).",24,normative_bindingness;ordinal_coverage;retrospective_selection,policy_or_programme,IRL_P0024,True
IRL_P0026,Renewable electricity deployment and support (REFIT/RESS portfolio),Electricity,L2_instrument,deployment_support,supply_deployment,ETS,Economic,CO2,EEA+CAPMF,26,26;29,IRL_P0026,U019,LEV3_FIT;LEV3_AUCTION,partial,category_context,anchor_capmf,1,1,1.0,5670.91,expost_2024,2024.0,positive,Average expost emission reduction  kt CO2eq y GHG,Electricity,5670.91,2005,,Reconciled EEA record; source dates retained in selection log,not_applicable_open,0.5,"Ordinal scope score 0.5: Major subsector or broad programme coverage. Renewable electricity deployment/support portfolio, not all generation. Not a measured activity or emissions share.",0.5,"Prompt rubric applied to deployment_support; normative score, not measured compliance or effectiveness","EEA. Ireland PaMs report 1849, PaM 26, Excel row 26; attached Ireland Pams(3).xlsx. https://pam.apps.eea.europa.eu/ (source snapshot inferred 2026). | OECD. CAPMF Ireland export, 1990–2023; attached CSV. https://data-explorer.oecd.org/vis?df[ag]=OECD.ENV.EPI&df[id]=DSD_CAPMF@DF_CAPMF (accessed 2026-09-25; supplied_raw_data) | Government of Ireland. Renewable Energy Feed-in Tariff (REFIT) Scheme. https://www.gov.ie/en/department-of-climate-energy-and-the-environment/publications/renewable-energy-feed-in-tariff-refit-scheme/ (accessed 2026-09-25; indexed_primary_excerpt) | Government of Ireland. Renewable Electricity Support Scheme 1 (RESS 1). https://www.gov.ie/en/department-of-climate-energy-and-the-environment/publications/renewable-electricity-support-scheme-ress-1/ (accessed 2026-09-25; indexed_primary_excerpt)",26,CAPMF_category_proxy_not_programme_specific;normative_bindingness;ordinal_coverage;reported_deployment_portfolio_not_single_legal_instrument;retrospective_selection,portfolio_context_choose_parent_or_delivery_schemes,IRL_P0026,True
IRL_P0027,Deployment of biofuels in transport,Transport,L2_instrument,obligations,supply_deployment,ESR,Economic,CO2,EEA,27,27;30,IRL_P0027,U018,,none,unmatched,materiality_90pct,1,0,1.0,960.368,expost_2024,2024.0,positive,Average expost emission reduction  kt CO2eq y GHG,Transport,960.368,2005,,Reconciled EEA record; source dates retained in selection log,not_applicable_open,0.5,Ordinal scope score 0.5: Major subsector or broad programme coverage. Fuel suppliers and road biofuel blending. Not a measured activity or emissions share.,0.75,"Prompt rubric applied to obligations; normative score, not measured compliance or effectiveness","EEA. Ireland PaMs report 1849, PaM 27, Excel row 27; attached Ireland Pams(3).xlsx. https://pam.apps.eea.europa.eu/ (source snapshot inferred 2026).",27,normative_bindingness;ordinal_coverage;reported_deployment_portfolio_not_single_legal_instrument;retrospective_selection,policy_or_programme,IRL_P0027,True
IRL_P0028,Deployment of renewables in heating,Buildings,L2_instrument,deployment_support,supply_deployment,ESR,Regulatory,CO2,EEA,28,28;67,IRL_P0028,U020,,none,unmatched,materiality_90pct,1,0,1.0,1891.73,expost_2024,2024.0,positive,Average expost emission reduction  kt CO2eq y GHG,Buildings,1891.73,2005,,Reconciled EEA record; source dates retained in selection log,not_applicable_open,0.5,Ordinal scope score 0.5: Major subsector or broad programme coverage. Renewable heat subset; includes multiple delivery routes. Not a measured activity or emissions share.,0.5,"Prompt rubric applied to deployment_support; normative score, not measured compliance or effectiveness","EEA. Ireland PaMs report 1849, PaM 28, Excel row 28; attached Ireland Pams(3).xlsx. https://pam.apps.eea.europa.eu/ (source snapshot inferred 2026).",28,effect_assigned_once_to_primary_sector_for_selection;normative_bindingness;ordinal_coverage;reported_deployment_portfolio_not_single_legal_instrument;retrospective_selection,portfolio_context_choose_parent_or_delivery_schemes,IRL_P0028,True
IRL_P0028,Deployment of renewables in heating,Industry,L2_instrument,deployment_support,supply_deployment,ESR,Regulatory,CO2,EEA,28,28;67,IRL_P0028,U020,,none,unmatched,materiality_90pct,1,0,1.0,1891.73,expost_2024,2024.0,positive,Average expost emission reduction  kt CO2eq y GHG,Buildings,,2005,,Reconciled EEA record; source dates retained in selection log,not_applicable_open,0.5,Ordinal scope score 0.5: Major subsector or broad programme coverage. Renewable heat subset; includes multiple delivery routes. Not a measured activity or emissions share.,0.5,"Prompt rubric applied to deployment_support; normative score, not measured compliance or effectiveness","EEA. Ireland PaMs report 1849, PaM 28, Excel row 28; attached Ireland Pams(3).xlsx. https://pam.apps.eea.europa.eu/ (source snapshot inferred 2026).",28,effect_assigned_once_to_primary_sector_for_selection;normative_bindingness;ordinal_coverage;reported_deployment_portfolio_not_single_legal_instrument;retrospective_selection,portfolio_context_choose_parent_or_delivery_schemes,IRL_P0028,True
IRL_P0031,Community Energy Grants,Buildings,L3_measure_programme,subsidies_finance,asset_subsidy,ESR,Economic,CO2,EEA+CAPMF,31,31;52,IRL_P0031,U014,LEV4_FIN_MECH_B_R;LEV4_FIN_MECH_B_C,partial,category_context,materiality_90pct,1,0,10.0,178.007,expost_2024,2024.0,positive,Average expost emission reduction  kt CO2eq y GHG,Buildings,178.007,2012,,Reconciled EEA record; source dates retained in selection log,not_applicable_open,0.25,"Ordinal scope score 0.25: Defined technology, building cohort, activity or recipient segment. Scope interpreted from the EEA description and named programme. Not a measured activity or emissions share.",0.5,"Prompt rubric applied to subsidies_finance; normative score, not measured compliance or effectiveness","EEA. Ireland PaMs report 1849, PaM 31, Excel row 31; attached Ireland Pams(3).xlsx. https://pam.apps.eea.europa.eu/ (source snapshot inferred 2026). | OECD. CAPMF Ireland export, 1990–2023; attached CSV. https://data-explorer.oecd.org/vis?df[ag]=OECD.ENV.EPI&df[id]=DSD_CAPMF@DF_CAPMF (accessed 2026-09-25; supplied_raw_data)",31,CAPMF_category_proxy_not_programme_specific;normative_bindingness;ordinal_coverage;retrospective_selection,policy_or_programme,IRL_P0031,True
IRL_P0032,Energy Efficiency Obligation Scheme (EEOS) — cross-sectoral,Buildings,L2_instrument,obligations,asset_subsidy,Mixed,Regulatory,CO2,EEA,32,32;66,IRL_P0032,U026,,none,unmatched,materiality_90pct,1,0,2.0,974.55,expost_2024,2024.0,positive,Average expost emission reduction  kt CO2eq y GHG,Buildings,974.55,2014,,Reconciled EEA record; source dates retained in selection log,not_applicable_open,0.5,Ordinal scope score 0.5: Major subsector or broad programme coverage. Obligated supplier programme; savings scope is not all final demand. Not a measured activity or emissions share.,0.75,"Prompt rubric applied to obligations; normative score, not measured compliance or effectiveness","EEA. Ireland PaMs report 1849, PaM 32, Excel row 32; attached Ireland Pams(3).xlsx. https://pam.apps.eea.europa.eu/ (source snapshot inferred 2026). | SEAI. About the Energy Efficiency Obligation Scheme. https://www.seai.ie/about/regulatory-functions/energy-efficiency-obligation-scheme/about-eeos (accessed 2026-09-25; full_page)",32,effect_assigned_once_to_primary_sector_for_selection;normative_bindingness;ordinal_coverage;retrospective_selection,policy_or_programme,IRL_P0032,True
IRL_P0032,Energy Efficiency Obligation Scheme (EEOS) — cross-sectoral,Industry,L2_instrument,obligations,asset_subsidy,Mixed,Regulatory,CO2,EEA,32,32;66,IRL_P0032,U026,,none,unmatched,materiality_90pct,1,0,2.0,974.55,expost_2024,2024.0,positive,Average expost emission reduction  kt CO2eq y GHG,Buildings,,2014,,Reconciled EEA record; source dates retained in selection log,not_applicable_open,0.5,Ordinal scope score 0.5: Major subsector or broad programme coverage. Obligated supplier programme; savings scope is not all final demand. Not a measured activity or emissions share.,0.75,"Prompt rubric applied to obligations; normative score, not measured compliance or effectiveness","EEA. Ireland PaMs report 1849, PaM 32, Excel row 32; attached Ireland Pams(3).xlsx. https://pam.apps.eea.europa.eu/ (source snapshot inferred 2026). | SEAI. About the Energy Efficiency Obligation Scheme. https://www.seai.ie/about/regulatory-functions/energy-efficiency-obligation-scheme/about-eeos (accessed 2026-09-25; full_page)",32,effect_assigned_once_to_primary_sector_for_selection;normative_bindingness;ordinal_coverage;retrospective_selection,policy_or_programme,IRL_P0032,True
IRL_P0033,Deep Retrofit Pilot,Buildings,L3_measure_programme,subsidies_finance,asset_subsidy,ESR,Economic,CO2,EEA+CAPMF,33,33,IRL_P0033,U017,LEV4_FIN_MECH_B_R,partial,category_context,residual,0,0,22.0,2.49001,expost_2024,2024.0,positive,Average expost emission reduction  kt CO2eq y GHG,Buildings,2.49001,2017,2021.0,Reconciled EEA record; source dates retained in selection log,continues,0.1,Ordinal scope score 0.1: Pilot or niche delivery programme. Scope interpreted from the EEA description and named programme. Not a measured activity or emissions share.,0.5,"Prompt rubric applied to subsidies_finance; normative score, not measured compliance or effectiveness","EEA. Ireland PaMs report 1849, PaM 33, Excel row 33; attached Ireland Pams(3).xlsx. https://pam.apps.eea.europa.eu/ (source snapshot inferred 2026). | OECD. CAPMF Ireland export, 1990–2023; attached CSV. https://data-explorer.oecd.org/vis?df[ag]=OECD.ENV.EPI&df[id]=DSD_CAPMF@DF_CAPMF (accessed 2026-09-25; supplied_raw_data)",33,CAPMF_category_proxy_not_programme_specific;normative_bindingness;ordinal_coverage;retrospective_selection,policy_or_programme,IRL_P0033,False
IRL_P0034,EXEED Certified Grant (EXEED Grant Scheme),Industry,L3_measure_programme,subsidies_finance,asset_subsidy,Mixed,Economic,CO2,EEA+CAPMF,34,34;38,IRL_P0034,U023,LEV4_FIN_MECH_I,partial,category_context,residual,0,0,4.0,58.8198,expost_2024,2024.0,positive,Average expost emission reduction  kt CO2eq y GHG,Industry,58.8198,2016,,Reconciled EEA record; source dates retained in selection log,not_applicable_open,0.25,"Ordinal scope score 0.25: Defined technology, building cohort, activity or recipient segment. Scope interpreted from the EEA description and named programme. Not a measured activity or emissions share.",0.5,"Prompt rubric applied to subsidies_finance; normative score, not measured compliance or effectiveness","EEA. Ireland PaMs report 1849, PaM 34, Excel row 34; attached Ireland Pams(3).xlsx. https://pam.apps.eea.europa.eu/ (source snapshot inferred 2026). | OECD. CAPMF Ireland export, 1990–2023; attached CSV. https://data-explorer.oecd.org/vis?df[ag]=OECD.ENV.EPI&df[id]=DSD_CAPMF@DF_CAPMF (accessed 2026-09-25; supplied_raw_data)",34,CAPMF_category_proxy_not_programme_specific;effect_assigned_once_to_primary_sector_for_selection;normative_bindingness;ordinal_coverage;retrospective_selection,policy_or_programme,IRL_P0034,False
IRL_P0034,EXEED Certified Grant (EXEED Grant Scheme),Buildings,L3_measure_programme,subsidies_finance,asset_subsidy,Mixed,Economic,CO2,EEA+CAPMF,34,34;38,IRL_P0034,U023,LEV4_FIN_MECH_B_C,partial,category_context,residual,0,0,4.0,58.8198,expost_2024,2024.0,positive,Average expost emission reduction  kt CO2eq y GHG,Industry,,2016,,Reconciled EEA record; source dates retained in selection log,not_applicable_open,0.25,"Ordinal scope score 0.25: Defined technology, building cohort, activity or recipient segment. Scope interpreted from the EEA description and named programme. Not a measured activity or emissions share.",0.5,"Prompt rubric applied to subsidies_finance; normative score, not measured compliance or effectiveness","EEA. Ireland PaMs report 1849, PaM 34, Excel row 34; attached Ireland Pams(3).xlsx. https://pam.apps.eea.europa.eu/ (source snapshot inferred 2026). | OECD. CAPMF Ireland export, 1990–2023; attached CSV. https://data-explorer.oecd.org/vis?df[ag]=OECD.ENV.EPI&df[id]=DSD_CAPMF@DF_CAPMF (accessed 2026-09-25; supplied_raw_data)",34,CAPMF_category_proxy_not_programme_specific;effect_assigned_once_to_primary_sector_for_selection;normative_bindingness;ordinal_coverage;retrospective_selection,policy_or_programme,IRL_P0034,False
IRL_P0035,Support Scheme for Renewable Heat - heat pump supports,Buildings,L3_measure_programme,subsidies_finance,asset_subsidy,ESR,Economic,CO2,EEA+CAPMF,35,35;39,IRL_P0035,U062,LEV4_FIN_MECH_B_C,partial,category_context,residual,0,0,21.0,3.71364,expost_2024,2024.0,positive,Average expost emission reduction  kt CO2eq y GHG,Buildings,3.71364,2018,,Reconciled EEA record; source dates retained in selection log,not_applicable_open,0.25,"Ordinal scope score 0.25: Defined technology, building cohort, activity or recipient segment. Scope interpreted from the EEA description and named programme. Not a measured activity or emissions share.",0.5,"Prompt rubric applied to subsidies_finance; normative score, not measured compliance or effectiveness","EEA. Ireland PaMs report 1849, PaM 35, Excel row 35; attached Ireland Pams(3).xlsx. https://pam.apps.eea.europa.eu/ (source snapshot inferred 2026). | OECD. CAPMF Ireland export, 1990–2023; attached CSV. https://data-explorer.oecd.org/vis?df[ag]=OECD.ENV.EPI&df[id]=DSD_CAPMF@DF_CAPMF (accessed 2026-09-25; supplied_raw_data)",35,CAPMF_category_proxy_not_programme_specific;effect_assigned_once_to_primary_sector_for_selection;normative_bindingness;ordinal_coverage;retrospective_selection,policy_or_programme,IRL_P0035,False
IRL_P0035,Support Scheme for Renewable Heat - heat pump supports,Industry,L3_measure_programme,subsidies_finance,asset_subsidy,ESR,Economic,CO2,EEA+CAPMF,35,35;39,IRL_P0035,U062,LEV4_FIN_MECH_I,partial,category_context,residual,0,0,21.0,3.71364,expost_2024,2024.0,positive,Average expost emission reduction  kt CO2eq y GHG,Buildings,,2018,,Reconciled EEA record; source dates retained in selection log,not_applicable_open,0.25,"Ordinal scope score 0.25: Defined technology, building cohort, activity or recipient segment. Scope interpreted from the EEA description and named programme. Not a measured activity or emissions share.",0.5,"Prompt rubric applied to subsidies_finance; normative score, not measured compliance or effectiveness","EEA. Ireland PaMs report 1849, PaM 35, Excel row 35; attached Ireland Pams(3).xlsx. https://pam.apps.eea.europa.eu/ (source snapshot inferred 2026). | OECD. CAPMF Ireland export, 1990–2023; attached CSV. https://data-explorer.oecd.org/vis?df[ag]=OECD.ENV.EPI&df[id]=DSD_CAPMF@DF_CAPMF (accessed 2026-09-25; supplied_raw_data)",35,CAPMF_category_proxy_not_programme_specific;effect_assigned_once_to_primary_sector_for_selection;normative_bindingness;ordinal_coverage;retrospective_selection,policy_or_programme,IRL_P0035,False
IRL_P0036,Public Sector Pathfinder programme,Buildings,L3_measure_programme,subsidies_finance,asset_subsidy,ESR,Economic,CO2,EEA+CAPMF,36,36;41,IRL_P0036,U051,LEV4_FIN_MECH_B_C,partial,category_context,residual,0,0,19.0,15.461,expost_2024,2024.0,positive,Average expost emission reduction  kt CO2eq y GHG,Buildings,15.461,2017,,Reconciled EEA record; source dates retained in selection log,not_applicable_open,0.25,"Ordinal scope score 0.25: Defined technology, building cohort, activity or recipient segment. Scope interpreted from the EEA description and named programme. Not a measured activity or emissions share.",0.5,"Prompt rubric applied to subsidies_finance; normative score, not measured compliance or effectiveness","EEA. Ireland PaMs report 1849, PaM 36, Excel row 36; attached Ireland Pams(3).xlsx. https://pam.apps.eea.europa.eu/ (source snapshot inferred 2026). | OECD. CAPMF Ireland export, 1990–2023; attached CSV. https://data-explorer.oecd.org/vis?df[ag]=OECD.ENV.EPI&df[id]=DSD_CAPMF@DF_CAPMF (accessed 2026-09-25; supplied_raw_data)",36,CAPMF_category_proxy_not_programme_specific;normative_bindingness;ordinal_coverage;retrospective_selection,policy_or_programme,IRL_P0036,False
IRL_P0037,Warmth and Wellbeing Pilot,Buildings,L3_measure_programme,subsidies_finance,asset_subsidy,ESR,Economic,CO2,EEA+CAPMF,37,37;42,IRL_P0037,U067,LEV4_FIN_MECH_B_R,partial,category_context,residual,0,0,23.0,2.02049,expost_2024,2024.0,positive,Average expost emission reduction  kt CO2eq y GHG,Buildings,2.02049,2016,2022.0,Reconciled EEA record; source dates retained in selection log,continues,0.1,Ordinal scope score 0.1: Pilot or niche delivery programme. Scope interpreted from the EEA description and named programme. Not a measured activity or emissions share.,0.5,"Prompt rubric applied to subsidies_finance; normative score, not measured compliance or effectiveness","EEA. Ireland PaMs report 1849, PaM 37, Excel row 37; attached Ireland Pams(3).xlsx. https://pam.apps.eea.europa.eu/ (source snapshot inferred 2026). | OECD. CAPMF Ireland export, 1990–2023; attached CSV. https://data-explorer.oecd.org/vis?df[ag]=OECD.ENV.EPI&df[id]=DSD_CAPMF@DF_CAPMF (accessed 2026-09-25; supplied_raw_data)",37,CAPMF_category_proxy_not_programme_specific;normative_bindingness;ordinal_coverage;retrospective_selection,policy_or_programme,IRL_P0037,False
IRL_P0056,Better Energy Finance,Buildings,L3_measure_programme,subsidies_finance,asset_subsidy,ESR,Economic,CO2,EEA+CAPMF,56,56;60,IRL_P0056,U009,LEV4_FIN_MECH_B_R,partial,category_context,residual,0,0,24.0,0.601829,expost_2024,2024.0,positive,Average expost emission reduction  kt CO2eq y GHG,Buildings,0.601829,2019,2020.0,Reconciled EEA record; source dates retained in selection log,continues,0.25,"Ordinal scope score 0.25: Defined technology, building cohort, activity or recipient segment. Scope interpreted from the EEA description and named programme. Not a measured activity or emissions share.",0.5,"Prompt rubric applied to subsidies_finance; normative score, not measured compliance or effectiveness","EEA. Ireland PaMs report 1849, PaM 56, Excel row 55; attached Ireland Pams(3).xlsx. https://pam.apps.eea.europa.eu/ (source snapshot inferred 2026). | OECD. CAPMF Ireland export, 1990–2023; attached CSV. https://data-explorer.oecd.org/vis?df[ag]=OECD.ENV.EPI&df[id]=DSD_CAPMF@DF_CAPMF (accessed 2026-09-25; supplied_raw_data)",55,CAPMF_category_proxy_not_programme_specific;normative_bindingness;ordinal_coverage;retrospective_selection,policy_or_programme,IRL_P0056,False
IRL_P0057,Solar Pilot Scheme,Electricity,L3_measure_programme,subsidies_finance,asset_subsidy,ETS,Regulatory,CO2,EEA,57,57;61,IRL_P0057,U061,,none,unmatched,residual,0,0,2.0,46.9641,expost_2024,2024.0,positive,Average expost emission reduction  kt CO2eq y GHG,Electricity,46.9641,2019,,Reconciled EEA record; source dates retained in selection log,not_applicable_open,0.1,Ordinal scope score 0.1: Pilot or niche delivery programme. Scope interpreted from the EEA description and named programme. Not a measured activity or emissions share.,0.5,"Prompt rubric applied to subsidies_finance; normative score, not measured compliance or effectiveness","EEA. Ireland PaMs report 1849, PaM 57, Excel row 56; attached Ireland Pams(3).xlsx. https://pam.apps.eea.europa.eu/ (source snapshot inferred 2026).",56,effect_assigned_once_to_primary_sector_for_selection;normative_bindingness;ordinal_coverage;retrospective_selection,policy_or_programme,IRL_P0057,False
IRL_P0057,Solar Pilot Scheme,Buildings,L3_measure_programme,subsidies_finance,asset_subsidy,ETS,Regulatory,CO2,EEA,57,57;61,IRL_P0057,U061,,none,unmatched,residual,0,0,2.0,46.9641,expost_2024,2024.0,positive,Average expost emission reduction  kt CO2eq y GHG,Electricity,,2019,,Reconciled EEA record; source dates retained in selection log,not_applicable_open,0.1,Ordinal scope score 0.1: Pilot or niche delivery programme. Scope interpreted from the EEA description and named programme. Not a measured activity or emissions share.,0.5,"Prompt rubric applied to subsidies_finance; normative score, not measured compliance or effectiveness","EEA. Ireland PaMs report 1849, PaM 57, Excel row 56; attached Ireland Pams(3).xlsx. https://pam.apps.eea.europa.eu/ (source snapshot inferred 2026).",56,effect_assigned_once_to_primary_sector_for_selection;normative_bindingness;ordinal_coverage;retrospective_selection,policy_or_programme,IRL_P0057,False
IRL_P0062,National Home Energy Upgrade Scheme,Buildings,L3_measure_programme,subsidies_finance,asset_subsidy,ESR,Regulatory,CO2,EEA+CAPMF,62,62;63,IRL_P0062,U043,LEV4_FIN_MECH_B_R,partial,category_context,residual,0,0,20.0,12.9169,expost_2024,2024.0,positive,Average expost emission reduction  kt CO2eq y GHG,Buildings,12.9169,2021,,Reconciled EEA record; source dates retained in selection log,not_applicable_open,0.25,"Ordinal scope score 0.25: Defined technology, building cohort, activity or recipient segment. Scope interpreted from the EEA description and named programme. Not a measured activity or emissions share.",0.5,"Prompt rubric applied to subsidies_finance; normative score, not measured compliance or effectiveness","EEA. Ireland PaMs report 1849, PaM 62, Excel row 61; attached Ireland Pams(3).xlsx. https://pam.apps.eea.europa.eu/ (source snapshot inferred 2026). | OECD. CAPMF Ireland export, 1990–2023; attached CSV. https://data-explorer.oecd.org/vis?df[ag]=OECD.ENV.EPI&df[id]=DSD_CAPMF@DF_CAPMF (accessed 2026-09-25; supplied_raw_data)",61,CAPMF_category_proxy_not_programme_specific;normative_bindingness;ordinal_coverage;retrospective_selection,policy_or_programme,IRL_P0062,False
IRL_P0064,Smart Meter Roll-Out - Household,Buildings,L3_measure_programme,deployment_support,information_voluntary,ETS,Regulatory,CO2,EEA,64,64;65,IRL_P0064,U060,,none,unmatched,residual,0,0,,0.0,expost_2024,2024.0,reported_zero,Average expost emission reduction  kt CO2eq y GHG,Buildings,0.0,2021,,Reconciled EEA record; source dates retained in selection log,not_applicable_open,0.5,Ordinal scope score 0.5: Major subsector or broad programme coverage. Household meters; not the entire buildings sector. Not a measured activity or emissions share.,0.5,"Prompt rubric applied to deployment_support; normative score, not measured compliance or effectiveness","EEA. Ireland PaMs report 1849, PaM 64, Excel row 63; attached Ireland Pams(3).xlsx. https://pam.apps.eea.europa.eu/ (source snapshot inferred 2026).",63,normative_bindingness;ordinal_coverage;reported_zero_not_evidence_of_no_effect;retrospective_selection,policy_or_programme,IRL_P0064,False
IRL_P0068,Low emission slurry spreading,Agriculture,L2_instrument,practice_regulation,process_regulation,ESR,Regulatory,N2O,EEA,68,68;84,IRL_P0068,U040,,none,unmatched,materiality_90pct,1,0,2.0,6.91773129272042,exante_2025_WEM,2025.0,positive,Total GHG emissions reductions in 2025  kt CO2eq y GHG,Agriculture,6.91773129272042,2020,,Reconciled EEA record; source dates retained in selection log,not_applicable_open,0.25,"Ordinal scope score 0.25: Defined technology, building cohort, activity or recipient segment. Scope interpreted from the EEA description and named programme. Not a measured activity or emissions share.",1.0,"Prompt rubric applied to practice_regulation; normative score, not measured compliance or effectiveness","EEA. Ireland PaMs report 1849, PaM 68, Excel row 67; attached Ireland Pams(3).xlsx. https://pam.apps.eea.europa.eu/ (source snapshot inferred 2026).",67,normative_bindingness;ordinal_coverage;retrospective_selection,policy_or_programme,IRL_P0068,True
IRL_P0069,Crude protein reduction in dairy cows,Agriculture,L2_instrument,practice_regulation,process_regulation,ESR,Regulatory,N2O,EEA,69,69;91,IRL_P0069,U015,,none,unmatched,residual,0,0,,0.0,exante_2025_WEM,2025.0,reported_zero,Total GHG emissions reductions in 2025  kt CO2eq y GHG,Agriculture,0.0,2022,,Reconciled EEA record; source dates retained in selection log,not_applicable_open,0.25,"Ordinal scope score 0.25: Defined technology, building cohort, activity or recipient segment. Scope interpreted from the EEA description and named programme. Not a measured activity or emissions share.",1.0,"Prompt rubric applied to practice_regulation; normative score, not measured compliance or effectiveness","EEA. Ireland PaMs report 1849, PaM 69, Excel row 68; attached Ireland Pams(3).xlsx. https://pam.apps.eea.europa.eu/ (source snapshot inferred 2026).",68,normative_bindingness;ordinal_coverage;reported_zero_not_evidence_of_no_effect;retrospective_selection;source_2020_start_reconciled_to_narrative_2022,policy_or_programme,IRL_P0069,False
IRL_P0072,Peatlands rehabilitation,LULUCF,L3_measure_programme,land_use,land_use,LULUCF,Regulatory,CO2,EEA,72,72;94,IRL_P0072,U049,,none,unmatched,residual,0,0,,0.0,exante_2025_WEM,2025.0,reported_zero,Total GHG emissions reductions in 2025  kt CO2eq y GHG,LULUCF,0.0,2020,,Reconciled EEA record; source dates retained in selection log,not_applicable_open,0.25,"Ordinal scope score 0.25: Defined technology, building cohort, activity or recipient segment. Specified cutaway peatland rehabilitation projects. Not a measured activity or emissions share.",0.5,"Prompt rubric applied to land_use; normative score, not measured compliance or effectiveness","EEA. Ireland PaMs report 1849, PaM 72, Excel row 71; attached Ireland Pams(3).xlsx. https://pam.apps.eea.europa.eu/ (source snapshot inferred 2026).",71,normative_bindingness;ordinal_coverage;reported_zero_not_evidence_of_no_effect;retrospective_selection,policy_or_programme,IRL_P0072,False
IRL_P0085,Non-Domestic Microgen Scheme,Electricity,L3_measure_programme,subsidies_finance,asset_subsidy,ETS,Economic,CO2,EEA,85,85;86,IRL_P0085,U046,,none,unmatched,residual,0,0,3.0,7.07089,expost_2024,2024.0,positive,Average expost emission reduction  kt CO2eq y GHG,Electricity,7.07089,2022,,Reconciled EEA record; source dates retained in selection log,not_applicable_open,0.25,"Ordinal scope score 0.25: Defined technology, building cohort, activity or recipient segment. Scope interpreted from the EEA description and named programme. Not a measured activity or emissions share.",0.5,"Prompt rubric applied to subsidies_finance; normative score, not measured compliance or effectiveness","EEA. Ireland PaMs report 1849, PaM 85, Excel row 83; attached Ireland Pams(3).xlsx. https://pam.apps.eea.europa.eu/ (source snapshot inferred 2026).",83,effect_assigned_once_to_primary_sector_for_selection;normative_bindingness;ordinal_coverage;retrospective_selection,policy_or_programme,IRL_P0085,False
IRL_P0085,Non-Domestic Microgen Scheme,Buildings,L3_measure_programme,subsidies_finance,asset_subsidy,ETS,Economic,CO2,EEA,85,85;86,IRL_P0085,U046,,none,unmatched,residual,0,0,3.0,7.07089,expost_2024,2024.0,positive,Average expost emission reduction  kt CO2eq y GHG,Electricity,,2022,,Reconciled EEA record; source dates retained in selection log,not_applicable_open,0.25,"Ordinal scope score 0.25: Defined technology, building cohort, activity or recipient segment. Scope interpreted from the EEA description and named programme. Not a measured activity or emissions share.",0.5,"Prompt rubric applied to subsidies_finance; normative score, not measured compliance or effectiveness","EEA. Ireland PaMs report 1849, PaM 85, Excel row 83; attached Ireland Pams(3).xlsx. https://pam.apps.eea.europa.eu/ (source snapshot inferred 2026).",83,effect_assigned_once_to_primary_sector_for_selection;normative_bindingness;ordinal_coverage;retrospective_selection,policy_or_programme,IRL_P0085,False
IRL_P0101,Increased Liming,Agriculture,L3_measure_programme,subsidies_finance,process_regulation,ESR,Economic,CO2;N2O,EEA,101,101,IRL_P0101,U036,,none,unmatched,materiality_90pct,1,0,1.0,38.3924771999991,exante_2025_WEM,2025.0,positive,Total GHG emissions reductions in 2025  kt CO2eq y GHG,Agriculture,38.3924771999991,2021,,Reconciled EEA record; source dates retained in selection log,not_applicable_open,0.25,"Ordinal scope score 0.25: Defined technology, building cohort, activity or recipient segment. Liming and associated fertiliser substitution; source also notes CO2 increase. Not a measured activity or emissions share.",0.5,"Prompt rubric applied to subsidies_finance; normative score, not measured compliance or effectiveness","EEA. Ireland PaMs report 1849, PaM 101, Excel row 99; attached Ireland Pams(3).xlsx. https://pam.apps.eea.europa.eu/ (source snapshot inferred 2026).",99,liming_CO2_and_N2O_tradeoff;negative_2030_projection_not_used_for_default_ranking;normative_bindingness;ordinal_coverage;retrospective_selection,policy_or_programme,IRL_P0101,True
CAPMF_EU_ETS,EU Emissions Trading System,Electricity,L2_instrument,pricing,price_flow,ETS,Economic,CO2,CAPMF,,,,,LEV4_ETS_E_PR,exact,instrument_family,anchor_capmf,0,1,,,not_quantified,,missing,,Electricity,,2005,,EPA confirms stationary ETS from 2005 and aviation from 2012,not_applicable_open,0.5,Ordinal scope score 0.5: ETS-covered generating installations. Not an observed activity/emissions share.,0.75,Prompt normative rubric; does not measure realised enforcement,"OECD. CAPMF Ireland export, 1990–2023; attached CSV. https://data-explorer.oecd.org/vis?df[ag]=OECD.ENV.EPI&df[id]=DSD_CAPMF@DF_CAPMF (accessed 2026-09-25; supplied_raw_data) | Environmental Protection Agency. EU ETS – Aviation. https://www.epa.ie/our-services/licensing/climate-change/eu-emissions-trading-system-/emissions-trading-system---aviation/ (accessed 2026-09-25; full_page)",,normative_bindingness;ordinal_coverage;retrospective_selection,family_representative_no_child_duplicate,,True
CAPMF_EU_ETS,EU Emissions Trading System,Industry,L2_instrument,pricing,price_flow,ETS,Economic,CO2,CAPMF,,,,,LEV4_ETS_I_PR,exact,instrument_family,anchor_capmf,0,1,,,not_quantified,,missing,,Industry,,2005,,EPA confirms stationary ETS from 2005 and aviation from 2012,not_applicable_open,0.5,Ordinal scope score 0.5: ETS-covered industrial installations. Not an observed activity/emissions share.,0.75,Prompt normative rubric; does not measure realised enforcement,"OECD. CAPMF Ireland export, 1990–2023; attached CSV. https://data-explorer.oecd.org/vis?df[ag]=OECD.ENV.EPI&df[id]=DSD_CAPMF@DF_CAPMF (accessed 2026-09-25; supplied_raw_data) | Environmental Protection Agency. EU ETS – Aviation. https://www.epa.ie/our-services/licensing/climate-change/eu-emissions-trading-system-/emissions-trading-system---aviation/ (accessed 2026-09-25; full_page)",,normative_bindingness;ordinal_coverage;retrospective_selection,family_representative_no_child_duplicate,,True
CAPMF_EU_ETS,EU Emissions Trading System,Transport,L2_instrument,pricing,price_flow,ETS,Economic,CO2,CAPMF,,,,,LEV4_PR_AV,exact,instrument_family,anchor_capmf,0,1,,,not_quantified,,missing,,Transport,,2012,,EPA confirms stationary ETS from 2005 and aviation from 2012,not_applicable_open,0.25,Ordinal scope score 0.25: Aviation covered by EU ETS; excludes road transport and does not equal domestic-inventory aviation. Not an observed activity/emissions share.,0.75,Prompt normative rubric; does not measure realised enforcement,"OECD. CAPMF Ireland export, 1990–2023; attached CSV. https://data-explorer.oecd.org/vis?df[ag]=OECD.ENV.EPI&df[id]=DSD_CAPMF@DF_CAPMF (accessed 2026-09-25; supplied_raw_data) | Environmental Protection Agency. EU ETS – Aviation. https://www.epa.ie/our-services/licensing/climate-change/eu-emissions-trading-system-/emissions-trading-system---aviation/ (accessed 2026-09-25; full_page)",,aviation_inventory_boundary;normative_bindingness;ordinal_coverage;retrospective_selection,family_representative_no_child_duplicate,,True
CAPMF_PARTL_RES,Building Regulations Part L — dwellings (successive vintages),Buildings,L2_instrument,standards,stock_buildings,ESR,Regulatory,CO2,EEA+CAPMF,10;11;12;54;58,10;11;12;54;58;83,IRL_P0010;IRL_P0011;IRL_P0012;IRL_P0054;IRL_P0058,U001;U003;U004;U006;U042,LEV4_BC_RES,close,instrument_family,anchor_capmf,1,1,7.0,583.0583,expost_2024,2024.0,family_selection_sum,Average expost emission reduction  kt CO2eq y GHG,Buildings,583.0583,1991,,Official CAPMF first-positive year for an instrument family; legal enactment date is not inferred,not_applicable_open,0.25,Ordinal scope score 0.25: New dwellings and qualifying renovations; not the existing stock. Not an observed activity/emissions share.,1.0,Prompt normative rubric; does not measure realised enforcement,"OECD. CAPMF Ireland export, 1990–2023; attached CSV. https://data-explorer.oecd.org/vis?df[ag]=OECD.ENV.EPI&df[id]=DSD_CAPMF@DF_CAPMF (accessed 2026-09-25; supplied_raw_data) | OECD. CAPMF database documentation. https://stats.oecd.org/wbos/fileview2.aspx?IDFile=447525d8-ef1f-411b-98ad-56a68d25b99f (accessed 2026-09-25; full_pdf_edition_older_than_export) | EEA report 1849 PaMs 10;11;12;54;58; attached workbook.",11;12;13;54;57,capmf_first_positive_start_not_verified_enactment;family_consolidation;family_effect_sum_for_selection_bookkeeping_only;normative_bindingness;ordinal_coverage;retrospective_selection;source_expiry_conflict_pam12;vintage_changes_not_measured,family_representative_no_child_duplicate,IRL_P0010;IRL_P0011;IRL_P0012;IRL_P0054;IRL_P0058,True
CAPMF_PARTL_NONRES,Building Regulations Part L — non-residential buildings (successive vintages),Buildings,L2_instrument,standards,stock_buildings,ESR,Regulatory,CO2,EEA+CAPMF,53;9,53;9,IRL_P0009;IRL_P0053,U002;U005,LEV4_BC_NON_RES,close,instrument_family,anchor_capmf,1,1,6.0,413.714,expost_2024,2024.0,family_selection_sum,Average expost emission reduction  kt CO2eq y GHG,Buildings,413.714,2005,,First supplied EEA non-residential vintage 2005; CAPMF becomes positive 2008; unresolved timing difference retained,not_applicable_open,0.25,Ordinal scope score 0.25: New/qualifying non-residential buildings. Not an observed activity/emissions share.,1.0,Prompt normative rubric; does not measure realised enforcement,"OECD. CAPMF Ireland export, 1990–2023; attached CSV. https://data-explorer.oecd.org/vis?df[ag]=OECD.ENV.EPI&df[id]=DSD_CAPMF@DF_CAPMF (accessed 2026-09-25; supplied_raw_data) | OECD. CAPMF database documentation. https://stats.oecd.org/wbos/fileview2.aspx?IDFile=447525d8-ef1f-411b-98ad-56a68d25b99f (accessed 2026-09-25; full_pdf_edition_older_than_export) | Irish Statute Book. S.I. 538/2017: Building Regulations (Part L Amendment). https://www.irishstatutebook.ie/eli/2017/si/538/made/en/print (accessed 2026-09-25; indexed_primary_excerpt_full_open_403) | EEA report 1849 PaMs 53;9; attached workbook.",10;53,CAPMF_nonres_first_positive_2008_vs_EEA_2005;family_consolidation;family_effect_sum_for_selection_bookkeeping_only;normative_bindingness;ordinal_coverage;retrospective_selection;source_start_conflict_pam53;vintage_changes_not_measured,family_representative_no_child_duplicate,IRL_P0009;IRL_P0053,True
IRL_P0020,EU CO2 standards for new passenger cars (successive regulations),Transport,L2_instrument,standards,stock_vehicles,ESR,Regulatory,CO2,EEA+CAPMF,20,20,IRL_P0020,U034,LEV4_MEPS_LDV,close,instrument_family,anchor_capmf,0,1,,0.0,expost_2024,2024.0,reported_zero,Average expost emission reduction  kt CO2eq y GHG,Transport,0.0,2012,,EEA first implementation 2012; Regulation 2019/631 continues the family from 2020,not_applicable_open,0.25,Ordinal scope score 0.25: New passenger cars; not all vehicles or in-use stock. Not an observed activity/emissions share.,1.0,Prompt normative rubric; does not measure realised enforcement,"OECD. CAPMF Ireland export, 1990–2023; attached CSV. https://data-explorer.oecd.org/vis?df[ag]=OECD.ENV.EPI&df[id]=DSD_CAPMF@DF_CAPMF (accessed 2026-09-25; supplied_raw_data) | European Union. Regulation (EU) 2019/631 on CO2 performance standards for cars and vans. https://eur-lex.europa.eu/legal-content/EN/TXT/?uri=CELEX:32019R0631 (accessed 2026-09-25; indexed_primary_excerpt_full_page_bot_challenge) | EEA report 1849 PaMs 20; attached workbook.",21,family_extended_beyond_expired_pam20;normative_bindingness;ordinal_coverage;regulation_not_observed_fleet_uptake;retrospective_selection,family_representative_no_child_duplicate,IRL_P0020,True
CAPMF_EE_AUDITS,Mandatory energy audits for large enterprises — industrial scope,Industry,L2_instrument,obligations,information_voluntary,Mixed,Regulatory,CO2,CAPMF,,,,,LEV4_EE_MANDATE,partial,instrument_family,anchor_capmf,0,1,,,not_quantified,,missing,,Industry,,2014,,SI 426/2014 legal requirement; first audit deadline December 2015,not_applicable_open,0.5,Ordinal scope score 0.5: Large industrial enterprises; exemptions vary with legal vintage. Not an observed activity/emissions share.,1.0,Prompt normative rubric; does not measure realised enforcement,"OECD. CAPMF Ireland export, 1990–2023; attached CSV. https://data-explorer.oecd.org/vis?df[ag]=OECD.ENV.EPI&df[id]=DSD_CAPMF@DF_CAPMF (accessed 2026-09-25; supplied_raw_data) | Sustainable Energy Authority of Ireland. Energy Auditing Compliance Scheme. https://www.seai.ie/plan-your-energy-journey/public-sector/energy-auditing (accessed 2026-09-25; full_page)",,ETS_exemptions_changed_2019;first_compliance_2015;industrial_category_proxy;normative_bindingness;ordinal_coverage;retrospective_selection,family_representative_no_child_duplicate,,True
CAPMF_MEPS_MOTOR,EU ecodesign requirements for electric motors,Industry,L2_instrument,standards,stock_appliances,Mixed,Regulatory,CO2,CAPMF,,,,,LEV4_MEPS_MOTOR,close,instrument_family,anchor_capmf,0,1,,,not_quantified,,missing,,Industry,,2011,,Official CAPMF first-positive year for an instrument family; legal enactment date is not inferred,not_applicable_open,0.25,Ordinal scope score 0.25: Regulated new electric motors and drives. Not an observed activity/emissions share.,1.0,Prompt normative rubric; does not measure realised enforcement,"OECD. CAPMF Ireland export, 1990–2023; attached CSV. https://data-explorer.oecd.org/vis?df[ag]=OECD.ENV.EPI&df[id]=DSD_CAPMF@DF_CAPMF (accessed 2026-09-25; supplied_raw_data) | European Commission. Electric Motors: ecodesign requirements. https://energy-efficient-products.ec.europa.eu/product-list/electric-motors_en (accessed 2026-09-25; indexed_primary_excerpt)",,capmf_first_positive_start;electricity_indirect_effect;normative_bindingness;ordinal_coverage;retrospective_selection,family_representative_no_child_duplicate,,True
CAPMF_MEPS_APPL,EU minimum energy-performance standards for appliances,Buildings,L2_instrument,standards,stock_appliances,ESR,Regulatory,CO2,EEA+CAPMF,14,14,IRL_P0014,U021,LEV3_MEPS_APPL,close,instrument_family,anchor_capmf,0,1,17.0,41.5515,expost_2024,2024.0,positive,Average expost emission reduction  kt CO2eq y GHG,Buildings,41.5515,1996,,Official CAPMF first-positive year for an instrument family; legal enactment date is not inferred,not_applicable_open,0.25,Ordinal scope score 0.25: Regulated new appliances; lighting measure nested. Not an observed activity/emissions share.,1.0,Prompt normative rubric; does not measure realised enforcement,"OECD. CAPMF Ireland export, 1990–2023; attached CSV. https://data-explorer.oecd.org/vis?df[ag]=OECD.ENV.EPI&df[id]=DSD_CAPMF@DF_CAPMF (accessed 2026-09-25; supplied_raw_data) | OECD. CAPMF database documentation. https://stats.oecd.org/wbos/fileview2.aspx?IDFile=447525d8-ef1f-411b-98ad-56a68d25b99f (accessed 2026-09-25; full_pdf_edition_older_than_export) | EEA report 1849 PaMs 14; attached workbook.",15,capmf_first_positive_start_not_verified_enactment;family_consolidation;heterogeneous_products;normative_bindingness;ordinal_coverage;retrospective_selection,family_representative_no_child_duplicate,IRL_P0014,True
CAPMF_LABEL_APPL,Mandatory energy labelling of appliances,Buildings,L2_instrument,standards,stock_appliances,ESR,Regulatory,CO2,CAPMF,,,,,LEV3_LABEL_APPL,close,instrument_family,anchor_capmf,0,1,,,not_quantified,,missing,,Buildings,,1995,,Official CAPMF first-positive year for an instrument family; legal enactment date is not inferred,not_applicable_open,0.25,Ordinal scope score 0.25: Labels on regulated product categories. Not an observed activity/emissions share.,1.0,Prompt normative rubric; does not measure realised enforcement,"OECD. CAPMF Ireland export, 1990–2023; attached CSV. https://data-explorer.oecd.org/vis?df[ag]=OECD.ENV.EPI&df[id]=DSD_CAPMF@DF_CAPMF (accessed 2026-09-25; supplied_raw_data) | OECD. CAPMF database documentation. https://stats.oecd.org/wbos/fileview2.aspx?IDFile=447525d8-ef1f-411b-98ad-56a68d25b99f (accessed 2026-09-25; full_pdf_edition_older_than_export)",,capmf_first_positive_start_not_verified_enactment;label_not_energy_performance;normative_bindingness;ordinal_coverage;retrospective_selection,family_representative_no_child_duplicate,,True
CAPMF_LABEL_CAR,Mandatory energy/CO2 labels for new passenger cars,Transport,L2_instrument,standards,stock_vehicles,ESR,Regulatory,CO2,CAPMF,,,,,LEV4_LABEL_CAR,close,instrument_family,anchor_capmf,0,1,,,not_quantified,,missing,,Transport,,1999,,Official CAPMF first-positive year for an instrument family; legal enactment date is not inferred,not_applicable_open,0.25,Ordinal scope score 0.25: New passenger-car information at point of sale. Not an observed activity/emissions share.,1.0,Prompt normative rubric; does not measure realised enforcement,"OECD. CAPMF Ireland export, 1990–2023; attached CSV. https://data-explorer.oecd.org/vis?df[ag]=OECD.ENV.EPI&df[id]=DSD_CAPMF@DF_CAPMF (accessed 2026-09-25; supplied_raw_data) | OECD. CAPMF database documentation. https://stats.oecd.org/wbos/fileview2.aspx?IDFile=447525d8-ef1f-411b-98ad-56a68d25b99f (accessed 2026-09-25; full_pdf_edition_older_than_export)",,capmf_first_positive_start_not_verified_enactment;label_not_fleet_standard;normative_bindingness;ordinal_coverage;retrospective_selection,family_representative_no_child_duplicate,,True
CAPMF_FOSSIL_LICENCES,Restriction of new oil and gas exploration licences,Industry,L2_instrument,practice_regulation,process_regulation,Mixed,Regulatory,CO2;CH4,CAPMF,,,,,LEV3_BAN_PHOUT_EXTRAC,close,instrument_family,anchor_capmf,0,1,,,not_quantified,,missing,,Industry,,2021,,Statutory restriction in section 21 of the Climate Act 2021; earlier administrative action recorded separately,not_applicable_open,0.25,Ordinal scope score 0.25: New upstream petroleum authorisations; existing permissions exempt. Not an observed activity/emissions share.,1.0,Prompt normative rubric; does not measure realised enforcement,"OECD. CAPMF Ireland export, 1990–2023; attached CSV. https://data-explorer.oecd.org/vis?df[ag]=OECD.ENV.EPI&df[id]=DSD_CAPMF@DF_CAPMF (accessed 2026-09-25; supplied_raw_data) | Government of Ireland. Oil and Gas Exploration and Production. https://www.gov.ie/en/department-of-climate-energy-and-the-environment/policy-information/oil-and-gas-exploration-and-production/ (accessed 2026-09-25; indexed_primary_excerpt)",,new_licences_not_all_production;normative_bindingness;ordinal_coverage;retrospective_selection;upstream_extraction_in_Industry_not_manufacturing,family_representative_no_child_duplicate,,True
CAPMF_ACT_2015,Climate Action and Low Carbon Development Act 2015,Cross-sectoral,L1_framework,framework,framework,Mixed,Framework legislation,All,CAPMF,,,,,LEV3_AB,partial,framework_context,anchor_capmf,0,1,,,not_quantified,,missing,,,,2015,,Enacted 10 December 2015; original governance framework,not_applicable_open,1.0,Ordinal scope score 1: National governance framework. Not an observed activity/emissions share.,1.0,Prompt normative rubric; does not measure realised enforcement,"OECD. CAPMF Ireland export, 1990–2023; attached CSV. https://data-explorer.oecd.org/vis?df[ag]=OECD.ENV.EPI&df[id]=DSD_CAPMF@DF_CAPMF (accessed 2026-09-25; supplied_raw_data) | Law Reform Commission. Climate Action and Low Carbon Development Act 2015, front matter. https://revisedacts.lawreform.ie/eli/2015/act/46/front/revised/en/html (accessed 2026-09-25; full_page)",,framework_context_not_additive;normative_bindingness;not_separate_causal_effect;ordinal_coverage;retrospective_selection;shared_governance_indicator,framework_context_never_aggregate,,True
CAPMF_ACT_2021,Climate Action and Low Carbon Development (Amendment) Act 2021,Cross-sectoral,L1_framework,framework,framework,Mixed,Framework legislation,All,CAPMF,,,,,LEV4_NZ_STAT,partial,framework_context,anchor_capmf,0,1,,,not_quantified,,missing,,,,2021,,Enacted 23 July 2021; strengthened statutory framework,not_applicable_open,1.0,Ordinal scope score 1: National governance framework. Not an observed activity/emissions share.,1.0,Prompt normative rubric; does not measure realised enforcement,"OECD. CAPMF Ireland export, 1990–2023; attached CSV. https://data-explorer.oecd.org/vis?df[ag]=OECD.ENV.EPI&df[id]=DSD_CAPMF@DF_CAPMF (accessed 2026-09-25; supplied_raw_data) | Irish Statute Book. Climate Action and Low Carbon Development (Amendment) Act 2021. https://www.irishstatutebook.ie/eli/2021/act/32/enacted/en/html (accessed 2026-09-25; indexed_primary_excerpt_full_open_403)",,framework_context_not_additive;normative_bindingness;not_separate_causal_effect;ordinal_coverage;retrospective_selection;shared_governance_indicator,framework_context_never_aggregate,,True
CAPMF_CARBON_BUDGETS,Statutory carbon-budget programme,Cross-sectoral,L1_framework,framework,framework,Mixed,Framework legislation,All,CAPMF,,,,,LEV3_NZ,partial,framework_context,anchor_capmf,0,1,,,not_quantified,,missing,,,,2022,,First programme came into effect 6 April 2022; not backdated to the 2021 budget accounting period,not_applicable_open,1.0,Ordinal scope score 1: National governance framework. Not an observed activity/emissions share.,1.0,Prompt normative rubric; does not measure realised enforcement,"OECD. CAPMF Ireland export, 1990–2023; attached CSV. https://data-explorer.oecd.org/vis?df[ag]=OECD.ENV.EPI&df[id]=DSD_CAPMF@DF_CAPMF (accessed 2026-09-25; supplied_raw_data) | Government of Ireland. Carbon Budgets. https://www.gov.ie/en/department-of-climate-energy-and-the-environment/publications/carbon-budgets/ (accessed 2026-09-25; indexed_primary_excerpt_full_open_403)",,framework_context_not_additive;normative_bindingness;not_separate_causal_effect;ordinal_coverage;retrospective_selection;shared_governance_indicator,framework_context_never_aggregate,,True
CAPMF_SECTOR_CEILINGS,Sectoral emissions ceilings,Cross-sectoral,L1_framework,framework,framework,Mixed,Framework legislation,All,CAPMF,,,,,LEV4_NZ_SEC_SCOPE,partial,framework_context,anchor_capmf,0,1,,,not_quantified,,missing,,,,2022,,Government agreement 28 July 2022,not_applicable_open,1.0,Ordinal scope score 1: National governance framework. Not an observed activity/emissions share.,1.0,Prompt normative rubric; does not measure realised enforcement,"OECD. CAPMF Ireland export, 1990–2023; attached CSV. https://data-explorer.oecd.org/vis?df[ag]=OECD.ENV.EPI&df[id]=DSD_CAPMF@DF_CAPMF (accessed 2026-09-25; supplied_raw_data) | Government of Ireland. Sectoral Emissions Ceilings. https://www.gov.ie/en/department-of-climate-energy-and-the-environment/publications/sectoral-emissions-ceilings/ (accessed 2026-09-25; indexed_primary_excerpt_full_open_403)",,framework_context_not_additive;normative_bindingness;not_separate_causal_effect;ordinal_coverage;retrospective_selection;shared_governance_indicator,framework_context_never_aggregate,,True
CAPMF_NET_ZERO,Statutory climate-neutrality objective for 2050,Cross-sectoral,L1_framework,framework,framework,Mixed,Framework legislation,All,CAPMF,,,,,LEV4_NZ_STAT,close,framework_context,anchor_capmf,0,1,,,not_quantified,,missing,,,,2021,,2021 statutory objective; earlier non-statutory ambition is not coded as binding law,not_applicable_open,1.0,Ordinal scope score 1: National governance framework. Not an observed activity/emissions share.,1.0,Prompt normative rubric; does not measure realised enforcement,"OECD. CAPMF Ireland export, 1990–2023; attached CSV. https://data-explorer.oecd.org/vis?df[ag]=OECD.ENV.EPI&df[id]=DSD_CAPMF@DF_CAPMF (accessed 2026-09-25; supplied_raw_data) | Irish Statute Book. Climate Action and Low Carbon Development (Amendment) Act 2021. https://www.irishstatutebook.ie/eli/2021/act/32/enacted/en/html (accessed 2026-09-25; indexed_primary_excerpt_full_open_403)",,framework_context_not_additive;normative_bindingness;not_separate_causal_effect;ordinal_coverage;retrospective_selection;shared_governance_indicator,framework_context_never_aggregate,,True
CAPMF_CLIMATE_COUNCIL,Climate Change Advisory Council,Cross-sectoral,L1_framework,framework,framework,Mixed,Framework legislation,All,CAPMF,,,,,LEV3_AB,partial,framework_context,anchor_capmf,0,1,,,not_quantified,,missing,,,,2016,,Statutory body established 18 January 2016; 2015 CAPMF value reflects the enabling-law phase,not_applicable_open,1.0,Ordinal scope score 1: National governance framework. Not an observed activity/emissions share.,1.0,Prompt normative rubric; does not measure realised enforcement,"OECD. CAPMF Ireland export, 1990–2023; attached CSV. https://data-explorer.oecd.org/vis?df[ag]=OECD.ENV.EPI&df[id]=DSD_CAPMF@DF_CAPMF (accessed 2026-09-25; supplied_raw_data) | Law Reform Commission. Climate Act 2015, section 8, establishment annotations. https://revisedacts.lawreform.ie/eli/2015/act/46/section/8/revised/en/html (accessed 2026-09-25; indexed_primary_excerpt)",,framework_context_not_additive;normative_bindingness;not_separate_causal_effect;ordinal_coverage;retrospective_selection;shared_governance_indicator,framework_context_never_aggregate,,True
