candidate_id,candidate_origin,candidate_name,source_pam_ids,historical_pam_id,claude_policy_unit_ids,eligibility_a_mitigation,eligibility_b_Ireland,eligibility_c_instrument_or_framework,eligibility_d_identified_start,eligibility_e_active_2000_2023,eligible,exclusion_reason,selection_rule,materiality_group_flag,anchor_flag,primary_sector,reported_effect_kt,effect_source,effect_reference_year,effect_value_state,effect_source_field,sector_effect_rank,cumulative_effect_share,selected_start_year,reported_start_year,reported_end_year,output_policy_ids,decision_basis,source_row
IRL_P0001,EEA_deduplicated_PaM,Large Industry Energy Network,1;44,1.0,U038,True,True,True,True,True,True,,materiality_90pct,True,False,Industry,709.52,expost_2024,2024.0,positive,Average expost emission reduction  kt CO2eq y GHG,1.0,0.7168006879476215,2000,2000,,IRL_P0001,LIEN_source_regulatory_label_reclassified_voluntary,2.0
IRL_P0002,EEA_deduplicated_PaM,Accelerated Capital Allowance for energy efficient equipment,2;43,2.0,U007,True,True,True,True,True,True,,materiality_90pct,True,False,Industry,114.957,expost_2024,2024.0,positive,Average expost emission reduction  kt CO2eq y GHG,2.0,0.8329373108538042,2008,2008,,IRL_P0002,effect_assigned_once_to_primary_sector_for_selection,3.0
IRL_P0003,EEA_deduplicated_PaM,CHP Deployment - Public and Business sectors,3;45,3.0,U012,True,True,True,True,True,True,,materiality_90pct,True,False,Industry,106.546,expost_2024,2024.0,positive,Average expost emission reduction  kt CO2eq y GHG,3.0,0.9405766248943772,2006,2006,2011.0,IRL_P0003,effect_assigned_once_to_primary_sector_for_selection,4.0
IRL_P0004,EEA_deduplicated_PaM,Renewable Heat (ReHeat) Programme,4,4.0,U057,True,True,True,True,True,True,,residual,False,False,Buildings,68.2704,expost_2024,2024.0,positive,Average expost emission reduction  kt CO2eq y GHG,14.0,0.9643671981644646,2008,2008,2011.0,RES_Buildings;RES_Industry,effect_assigned_once_to_primary_sector_for_selection,5.0
IRL_P0005,EEA_deduplicated_PaM,Carbon Tax,46;5,5.0,U013,True,True,True,True,True,True,,anchor_capmf,False,True,Cross-sectoral,846.327,expost_2024,2024.0,positive,Average expost emission reduction  kt CO2eq y GHG,,,2009,2008,,IRL_P0005,effect_assigned_once_to_primary_sector_for_selection;source_date_conflict;unallocated_multisector_effect_excluded_from_sector_ranking,6.0
IRL_P0006,EEA_deduplicated_PaM,Public Sector Programme,47;6,6.0,U052,True,True,True,True,True,True,,materiality_90pct,True,False,Buildings,491.268,expost_2024,2024.0,positive,Average expost emission reduction  kt CO2eq y GHG,3.0,0.5957727865403795,2011,2011,,IRL_P0006,,7.0
IRL_P0007,EEA_deduplicated_PaM,Supports for Exemplar Energy Efficiency Projects (SEEEP) and Energy Efficiency Retrofit Fund (EERF) & Better Energy Workplaces,7,7.0,U063,True,True,True,True,True,True,,residual,False,False,Buildings,82.1839,expost_2024,2024.0,positive,Average expost emission reduction  kt CO2eq y GHG,13.0,0.9522531058428577,2009,2009,2010.0,RES_Buildings;RES_Industry,effect_assigned_once_to_primary_sector_for_selection,8.0
IRL_P0008,EEA_deduplicated_PaM,Small and Medium Enterprises (SME) Programme,48;8,8.0,U059,True,True,True,True,True,True,,residual,False,False,Buildings,45.512,expost_2024,2024.0,positive,Average expost emission reduction  kt CO2eq y GHG,16.0,0.9813730341571507,2008,2008,2022.0,RES_Buildings;RES_Industry,effect_assigned_once_to_primary_sector_for_selection,9.0
IRL_P0009,EEA_deduplicated_PaM,2005/2008 Building Regulations Part L Conservation of Fuel and Energy - Buildings other than dwellings,9,9.0,U002,True,True,True,True,True,True,,anchor_capmf,True,True,Buildings,181.746,expost_2024,2024.0,positive,Average expost emission reduction  kt CO2eq y GHG,9.0,0.8731966512120056,2005,2005,2014.0,CAPMF_PARTL_NONRES,,10.0
IRL_P0010,EEA_deduplicated_PaM,2002 Building Regulations - Part L Conservation of Fuel and Energy in Dwellings,10,10.0,U001,True,True,True,True,True,True,,anchor_capmf,True,True,Buildings,228.007,expost_2024,2024.0,positive,Average expost emission reduction  kt CO2eq y GHG,7.0,0.8032618222034513,2003,2003,2008.0,CAPMF_PARTL_RES,,11.0
IRL_P0011,EEA_deduplicated_PaM,2008 Building Regulations Part L Conservation of Fuel and Energy in Dwellings,11,11.0,U003,True,True,True,True,True,True,,anchor_capmf,True,True,Buildings,212.38,expost_2024,2024.0,positive,Average expost emission reduction  kt CO2eq y GHG,8.0,0.8409471283868464,2008,2008,2011.0,CAPMF_PARTL_RES,,12.0
IRL_P0012,EEA_deduplicated_PaM,2011 Part L Conservation of Fuel and Energy in Dwellings,12,12.0,U004,True,True,True,True,True,True,,anchor_capmf,False,True,Buildings,92.3449,expost_2024,2024.0,positive,Average expost emission reduction  kt CO2eq y GHG,12.0,0.9376701628404774,2012,2012,2019.0,CAPMF_PARTL_RES,source_date_conflict,13.0
IRL_P0013,EEA_deduplicated_PaM,Energy Efficient Boiler Regulation,13,13.0,U027,True,True,True,True,True,True,,materiality_90pct,True,False,Buildings,314.535,expost_2024,2024.0,positive,Average expost emission reduction  kt CO2eq y GHG,5.0,0.7216425609184567,2008,2008,2022.0,IRL_P0013,,14.0
IRL_P0014,EEA_deduplicated_PaM,Domestic Lighting (Eco-Design Directive),14,14.0,U021,True,True,True,True,True,True,,anchor_capmf,False,True,Buildings,41.5515,expost_2024,2024.0,positive,Average expost emission reduction  kt CO2eq y GHG,17.0,0.9887460495064271,2008,2008,2016.0,CAPMF_MEPS_APPL,,15.0
IRL_P0015,EEA_deduplicated_PaM,Greener Homes Scheme,15,15.0,U031,True,True,True,True,True,True,,residual,False,False,Buildings,26.2191,expost_2024,2024.0,positive,Average expost emission reduction  kt CO2eq y GHG,18.0,0.9933984405571525,2006,2006,2011.0,RES_Buildings,,16.0
IRL_P0016,EEA_deduplicated_PaM,Warmer Homes Scheme,16;49,16.0,U066,True,True,True,True,True,True,,residual,False,False,Buildings,92.9962,expost_2024,2024.0,positive,Average expost emission reduction  kt CO2eq y GHG,11.0,0.9212842233406422,2000,2000,,RES_Buildings,,17.0
IRL_P0017,EEA_deduplicated_PaM,Better Energy Homes,17;50,17.0,U010,True,True,True,True,True,True,,materiality_90pct,True,False,Buildings,394.819,expost_2024,2024.0,positive,Average expost emission reduction  kt CO2eq y GHG,4.0,0.6658305834234282,2011,2011,,IRL_P0017,,18.0
IRL_P0018,EEA_deduplicated_PaM,Electric vehicle deployment,18;51,18.0,U024,True,True,True,True,True,True,,materiality_90pct,True,False,Transport,210.64,expost_2024,2024.0,positive,Average expost emission reduction  kt CO2eq y GHG,3.0,1.0,2011,2011,,IRL_P0018,,19.0
IRL_P0019,EEA_deduplicated_PaM,Vehicle Registration Tax and Motor Tax Rebalancing,19,19.0,U065,True,True,True,True,True,True,,materiality_90pct,True,False,Transport,395.656,expost_2024,2024.0,positive,Average expost emission reduction  kt CO2eq y GHG,2.0,0.8655487073169486,2008,2008,2020.0,IRL_P0019,expiry_of_reported_rebalancing_phase_not_abolition_of_taxes,20.0
IRL_P0020,EEA_deduplicated_PaM,Improved fuel economy of the private car fleet (EU Regulation),20,20.0,U034,True,True,True,True,True,True,,anchor_capmf,False,True,Transport,0.0,expost_2024,2024.0,reported_zero,Average expost emission reduction  kt CO2eq y GHG,,,2012,2012,2019.0,IRL_P0020,,21.0
IRL_P0021,EEA_deduplicated_PaM,Aviation Efficiency,21,21.0,U008,True,True,False,True,True,False,Voluntary aviation-efficiency aggregate: no identified funded or binding intervention; cannot equate with ETS pricing,excluded,False,False,Transport,62.0569,expost_2024,2024.0,positive,Average expost emission reduction  kt CO2eq y GHG,,,2008,2008,2020.0,,,22.0
IRL_P0023,EEA_deduplicated_PaM,Transposition of Mobile Air Conditioning Directive (Directive 2006/40/EC),23,23.0,U064,True,True,True,True,True,True,,materiality_90pct,True,False,F-gases,102.465,expost_2024,2024.0,positive,Average expost emission reduction  kt CO2eq y GHG,1.0,1.0,2011,2011,,IRL_P0023,,23.0
IRL_P0024,EEA_deduplicated_PaM,Landfill Directive (1999/31/EC),24,24.0,U037,True,True,True,True,True,True,,materiality_90pct,True,False,Waste,688.486,expost_2024,2024.0,positive,Average expost emission reduction  kt CO2eq y GHG,1.0,1.0,1999,1999,,IRL_P0024,,24.0
IRL_P0025,EEA_deduplicated_PaM,Dairy EBI,25,,U016,True,True,True,True,False,False,Planned-only source identity: no historical implementation established,excluded,False,False,,,not_quantified,,missing,,,,2025,2025,,,,25.0
IRL_P0026,EEA_deduplicated_PaM,Deployment of renewables in electricity generation,26;29,26.0,U019,True,True,True,True,True,True,,anchor_capmf,True,True,Electricity,5670.91,expost_2024,2024.0,positive,Average expost emission reduction  kt CO2eq y GHG,1.0,0.9905614831069319,2005,2005,,IRL_P0026,reported_deployment_portfolio_not_single_legal_instrument,26.0
IRL_P0027,EEA_deduplicated_PaM,Deployment of biofuels in transport,27;30,27.0,U018,True,True,True,True,True,True,,materiality_90pct,True,False,Transport,960.368,expost_2024,2024.0,positive,Average expost emission reduction  kt CO2eq y GHG,1.0,0.6130018944713097,2005,2005,,IRL_P0027,reported_deployment_portfolio_not_single_legal_instrument,27.0
IRL_P0028,EEA_deduplicated_PaM,Deployment of renewables in heating,28;67,28.0,U020,True,True,True,True,True,True,,materiality_90pct,True,False,Buildings,1891.73,expost_2024,2024.0,positive,Average expost emission reduction  kt CO2eq y GHG,1.0,0.3356739065180996,2005,2005,,IRL_P0028,effect_assigned_once_to_primary_sector_for_selection;reported_deployment_portfolio_not_single_legal_instrument,28.0
IRL_P0031,EEA_deduplicated_PaM,Community Energy Grants,31;52,31.0,U014,True,True,True,True,True,True,,materiality_90pct,True,False,Buildings,178.007,expost_2024,2024.0,positive,Average expost emission reduction  kt CO2eq y GHG,10.0,0.9047827153319209,2012,2012,,IRL_P0031,,31.0
IRL_P0032,EEA_deduplicated_PaM,Energy Efficiency Obligation Scheme (EEOS) — cross-sectoral,32;66,32.0,U026,True,True,True,True,True,True,,materiality_90pct,True,False,Buildings,974.55,expost_2024,2024.0,positive,Average expost emission reduction  kt CO2eq y GHG,2.0,0.5086008070785463,2014,2014,,IRL_P0032,effect_assigned_once_to_primary_sector_for_selection,32.0
IRL_P0033,EEA_deduplicated_PaM,Deep Retrofit Pilot,33,33.0,U017,True,True,True,True,True,True,,residual,False,False,Buildings,2.49001,expost_2024,2024.0,positive,Average expost emission reduction  kt CO2eq y GHG,22.0,0.9995346883208139,2017,2017,2021.0,RES_Buildings,,33.0
IRL_P0034,EEA_deduplicated_PaM,EXEED Certified Grant (EXEED Grant Scheme),34;38,34.0,U023,True,True,True,True,True,True,,residual,False,False,Industry,58.8198,expost_2024,2024.0,positive,Average expost emission reduction  kt CO2eq y GHG,4.0,1.0,2016,2016,,RES_Buildings;RES_Industry,effect_assigned_once_to_primary_sector_for_selection,34.0
IRL_P0035,EEA_deduplicated_PaM,Support Scheme for Renewable Heat - heat pump supports,35;39,35.0,U062,True,True,True,True,True,True,,residual,False,False,Buildings,3.71364,expost_2024,2024.0,positive,Average expost emission reduction  kt CO2eq y GHG,21.0,0.9990928539237439,2018,2018,,RES_Buildings;RES_Industry,effect_assigned_once_to_primary_sector_for_selection,35.0
IRL_P0036,EEA_deduplicated_PaM,Public Sector Pathfinder programme,36;41,36.0,U051,True,True,True,True,True,True,,residual,False,False,Buildings,15.461,expost_2024,2024.0,positive,Average expost emission reduction  kt CO2eq y GHG,19.0,0.9961418840023991,2017,2017,,RES_Buildings,,36.0
IRL_P0037,EEA_deduplicated_PaM,Warmth and Wellbeing Pilot,37;42,37.0,U067,True,True,True,True,True,True,,residual,False,False,Buildings,2.02049,expost_2024,2024.0,positive,Average expost emission reduction  kt CO2eq y GHG,23.0,0.9998932097648787,2016,2016,2022.0,RES_Buildings,,37.0
IRL_P0040,EEA_deduplicated_PaM,Heat Pumps - Domestic,40,,U032,True,True,True,True,False,False,Planned-only source identity: no historical implementation established,excluded,False,False,,,not_quantified,,missing,,,,2025,2025,,,,40.0
IRL_P0053,EEA_deduplicated_PaM,2018 Building Regulations - Non-Residential,53,53.0,U005,True,True,True,True,True,True,,anchor_capmf,True,True,Buildings,231.968,expost_2024,2024.0,positive,Average expost emission reduction  kt CO2eq y GHG,6.0,0.7628036170666336,2019,2017,,CAPMF_PARTL_NONRES,source_date_conflict,53.0
IRL_P0054,EEA_deduplicated_PaM,2019 Building Regulations - Residential,54;83,54.0,U006,True,True,True,True,True,True,,anchor_capmf,False,True,Buildings,50.3264,expost_2024,2024.0,positive,Average expost emission reduction  kt CO2eq y GHG,15.0,0.9732972565179254,2019,2019,,CAPMF_PARTL_RES,,54.0
IRL_P0056,EEA_deduplicated_PaM,Better Energy Finance,56;60,56.0,U009,True,True,True,True,True,True,,residual,False,False,Buildings,0.601829,expost_2024,2024.0,positive,Average expost emission reduction  kt CO2eq y GHG,24.0,1.0,2019,2019,2020.0,RES_Buildings,,55.0
IRL_P0057,EEA_deduplicated_PaM,Solar Pilot Scheme,57;61,57.0,U061,True,True,True,True,True,True,,residual,False,False,Electricity,46.9641,expost_2024,2024.0,positive,Average expost emission reduction  kt CO2eq y GHG,2.0,0.9987648981759037,2019,2019,,RES_Buildings;RES_Electricity,effect_assigned_once_to_primary_sector_for_selection,56.0
IRL_P0058,EEA_deduplicated_PaM,Major Renovations - Dwellings,58,58.0,U042,True,True,True,True,True,True,,anchor_capmf,False,True,Buildings,0.0,expost_2024,2024.0,reported_zero,Average expost emission reduction  kt CO2eq y GHG,,,2020,2020,,CAPMF_PARTL_RES,reported_zero_not_evidence_of_no_effect,57.0
IRL_P0059,EEA_deduplicated_PaM,Other Domestic Retrofit,59,,U047,True,True,True,True,False,False,Planned-only source identity: no historical implementation established,excluded,False,False,,,not_quantified,,missing,,,,2025,2025,,,,58.0
IRL_P0062,EEA_deduplicated_PaM,National Home Energy Upgrade Scheme,62;63,62.0,U043,True,True,True,True,True,True,,residual,False,False,Buildings,12.9169,expost_2024,2024.0,positive,Average expost emission reduction  kt CO2eq y GHG,20.0,0.9984338951684237,2021,2021,,RES_Buildings,,61.0
IRL_P0064,EEA_deduplicated_PaM,Smart Meter Roll-Out - Household,64;65,64.0,U060,True,True,True,True,True,True,,residual,False,False,Buildings,0.0,expost_2024,2024.0,reported_zero,Average expost emission reduction  kt CO2eq y GHG,,,2021,2021,,RES_Buildings,reported_zero_not_evidence_of_no_effect,63.0
IRL_P0068,EEA_deduplicated_PaM,Low emission slurry spreading,68;84,68.0,U040,True,True,True,True,True,True,,materiality_90pct,True,False,Agriculture,6.91773129272042,exante_2025_WEM,2025.0,positive,Total GHG emissions reductions in 2025  kt CO2eq y GHG,2.0,1.0,2020,2020,,IRL_P0068,,67.0
IRL_P0069,EEA_deduplicated_PaM,Crude protein reduction in dairy cows,69;91,69.0,U015,True,True,True,True,True,True,,residual,False,False,Agriculture,0.0,exante_2025_WEM,2025.0,reported_zero,Total GHG emissions reductions in 2025  kt CO2eq y GHG,,,2022,2020,,RES_Agriculture,reported_zero_not_evidence_of_no_effect;source_2020_start_reconciled_to_narrative_2022,68.0
IRL_P0070,EEA_deduplicated_PaM,Reduced pig crude protein,70,,U055,True,True,True,True,False,False,Planned-only source identity: no historical implementation established,excluded,False,False,,,not_quantified,,missing,,,,2025,2025,,,,69.0
IRL_P0071,EEA_deduplicated_PaM,Fertiliser use measures,71,,U030,True,True,True,True,False,False,Planned-only source identity: no historical implementation established,excluded,False,False,,,not_quantified,,missing,,,,2025,2025,,,,70.0
IRL_P0072,EEA_deduplicated_PaM,Peatlands rehabilitation,72;94,72.0,U049,True,True,True,True,True,True,,residual,False,False,LULUCF,0.0,exante_2025_WEM,2025.0,reported_zero,Total GHG emissions reductions in 2025  kt CO2eq y GHG,,,2020,2020,,RES_LULUCF,reported_zero_not_evidence_of_no_effect,71.0
IRL_P0073,EEA_deduplicated_PaM,New afforestation,73,,U045,True,True,True,True,False,False,Planned-only source identity: no historical implementation established,excluded,False,False,,,not_quantified,,missing,,,,2025,2025,,,,72.0
IRL_P0074,EEA_deduplicated_PaM,Water table management on drained organic soils,74,,U068,True,True,True,True,False,False,Planned-only source identity: no historical implementation established,excluded,False,False,,,not_quantified,,missing,,,,2025,2025,,,,73.0
IRL_P0076,EEA_deduplicated_PaM,Low-Cost Finance for Home Energy Upgrades,76,,U041,True,True,True,True,False,False,Planned-only source identity: no historical implementation established,excluded,False,False,,,not_quantified,,missing,,,,2025,2025,,,,74.0
IRL_P0077,EEA_deduplicated_PaM,Slurry additives for reduced methane emissions,77,,U058,True,True,True,True,False,False,Planned-only source identity: no historical implementation established,excluded,False,False,,,not_quantified,,missing,,,,2025,2025,,,,75.0
IRL_P0078,EEA_deduplicated_PaM,Other slurry measures (pigs/cattle),78,,U048,True,True,True,True,False,False,Planned-only source identity: no historical implementation established,excluded,False,False,,,not_quantified,,missing,,,,2025,2025,,,,76.0
IRL_P0079,EEA_deduplicated_PaM,Reduced slaughter age - cattle,79,,U056,True,True,True,True,False,False,Planned-only source identity: no historical implementation established,excluded,False,False,,,not_quantified,,missing,,,,2025,2025,,,,77.0
IRL_P0080,EEA_deduplicated_PaM,Reduced age first calving - cattle,80,,U053,True,True,True,True,False,False,Planned-only source identity: no historical implementation established,excluded,False,False,,,not_quantified,,missing,,,,2025,2025,,,,78.0
IRL_P0081,EEA_deduplicated_PaM,Feed additives,81,,U029,True,True,True,True,False,False,Planned-only source identity: no historical implementation established,excluded,False,False,,,not_quantified,,missing,,,,2025,2025,,,,79.0
IRL_P0082,EEA_deduplicated_PaM,Drying poultry manure,82,,U022,True,True,True,True,False,False,Planned-only source identity: no historical implementation established,excluded,False,False,,,not_quantified,,missing,,,,2025,2025,,,,80.0
IRL_P0085,EEA_deduplicated_PaM,Non-Domestic Microgen Scheme,85;86,85.0,U046,True,True,True,True,True,True,,residual,False,False,Electricity,7.07089,expost_2024,2024.0,positive,Average expost emission reduction  kt CO2eq y GHG,3.0,1.0,2022,2022,,RES_Buildings;RES_Electricity,effect_assigned_once_to_primary_sector_for_selection,83.0
IRL_P0087,EEA_deduplicated_PaM,Implementation of the National Biomethane Strategy,87;88,87.0,U033,True,True,False,True,False,False,Strategy published in 2024; binding/funded implementation before 2024 not established,excluded,False,False,Industry,0.0,expost_2024,2024.0,reported_zero,Average expost emission reduction  kt CO2eq y GHG,,,2024,2023,,,effect_assigned_once_to_primary_sector_for_selection;source_date_conflict,85.0
IRL_P0089,EEA_deduplicated_PaM,Private car demand reduction,89,,U050,True,True,True,True,False,False,Planned-only source identity: no historical implementation established,excluded,False,False,,,not_quantified,,missing,,,,2025,2025,,,,87.0
IRL_P0090,EEA_deduplicated_PaM,Business Energy Upgrade Scheme,107;90,107.0,U011,True,True,True,True,False,False,"Reported implementation begins in 2024, after the core period",excluded,False,False,Buildings,0.0,exante_2025_WEM,2025.0,reported_zero,Total GHG emissions reductions in 2025  kt CO2eq y GHG,,,2024,2024,,,,105.0
IRL_P0092,EEA_deduplicated_PaM,Limit Straight Urea sales,92,,U039,True,True,True,True,False,False,Planned-only source identity: no historical implementation established,excluded,False,False,,,not_quantified,,missing,,,,2025,2025,,,,90.0
IRL_P0093,EEA_deduplicated_PaM,Extended rotation,93,,U028,True,True,True,True,False,False,Planned-only source identity: no historical implementation established,excluded,False,False,,,not_quantified,,missing,,,,2025,2025,,,,91.0
IRL_P0100,EEA_deduplicated_PaM,National implementation of F-Gas Regulation (Regulation (EU) 2024/573),100,100.0,U044,True,True,True,True,False,False,"Reported implementation begins in 2024, after the core period",excluded,False,False,F-gases,74.4484484363909,exante_2025_WEM,2025.0,positive,Total GHG emissions reductions in 2025  kt CO2eq y GHG,,,2024,2024,,,,98.0
IRL_P0101,EEA_deduplicated_PaM,Increased Liming,101,101.0,U036,True,True,True,True,True,True,,materiality_90pct,True,False,Agriculture,38.3924771999991,exante_2025_WEM,2025.0,positive,Total GHG emissions reductions in 2025  kt CO2eq y GHG,1.0,0.8473251056915361,2021,2021,,IRL_P0101,liming_CO2_and_N2O_tradeoff;negative_2030_projection_not_used_for_default_ranking,99.0
IRL_P0102,EEA_deduplicated_PaM,Energy Audits for SMEs,102;103,102.0,U025,True,True,True,True,False,False,"Reported implementation begins in 2024, after the core period",excluded,False,False,Buildings,0.0,expost_2024,2024.0,reported_zero,Average expost emission reduction  kt CO2eq y GHG,,,2024,2024,,,effect_assigned_once_to_primary_sector_for_selection,100.0
IRL_P0104,EEA_deduplicated_PaM,Improved management of mineral soils,104,,U035,True,True,True,True,False,False,Planned-only source identity: no historical implementation established,excluded,False,False,,,not_quantified,,missing,,,,2025,2025,,,,102.0
IRL_P0105,EEA_deduplicated_PaM,Reduced deforestation,105,,U054,True,True,True,True,False,False,Planned-only source identity: no historical implementation established,excluded,False,False,,,not_quantified,,missing,,,,2025,2025,,,,103.0
LEV3_AB,CAPMF_positive_LEV3,Climate advisory body,,,,True,True,True,True,True,True,,anchor_capmf,False,True,,,not_quantified,,not_applicable,,,,2015,2015,,CAPMF_ACT_2015;CAPMF_CLIMATE_COUNCIL,Positive CAPMF category plus an identifiable instrument family/verified national anchor,
LEV3_AUCTION,CAPMF_positive_LEV3,Renewable energy auctions,,,,True,True,True,True,True,True,,anchor_capmf,False,True,,,not_quantified,,not_applicable,,,,2020,2020,,IRL_P0026,Positive CAPMF category plus an identifiable instrument family/verified national anchor,
LEV3_BAN_CREDIT,CAPMF_positive_LEV3,Banning governments' export credits for new unabated coal power plants,,,,False,True,True,False,False,False,International public-finance commitment; domestic Irish mitigation scope not established,excluded,False,False,,,not_quantified,,not_applicable,,,,2021,2021,,,Conservative evidence-based eligibility screen; exclusion is not a claim of policy absence,
LEV3_BAN_FF_ABROAD,CAPMF_positive_LEV3,Banning public finance for fossil fuel infrastructure abroad,,,,False,True,True,False,False,False,International public-finance commitment; domestic Irish mitigation scope not established,excluded,False,False,,,not_quantified,,not_applicable,,,,2021,2021,,,Conservative evidence-based eligibility screen; exclusion is not a claim of policy absence,
LEV3_BAN_PHOUT_COAL,CAPMF_positive_LEV3,Ban and phase out on the construction of coal-fired power plants,,,,True,True,False,False,False,False,Announcement/phase-out target score does not establish an operative binding ban by 2023,excluded,False,False,,,not_quantified,,not_applicable,,,,2018,2018,,,Conservative evidence-based eligibility screen; exclusion is not a claim of policy absence,
LEV3_BAN_PHOUT_EXTRAC,CAPMF_positive_LEV3,Bans and phase out on fossil fuel extraction,,,,True,True,True,True,True,True,,anchor_capmf,False,True,,,not_quantified,,not_applicable,,,,2021,2021,,CAPMF_FOSSIL_LICENCES,Positive CAPMF category plus an identifiable instrument family/verified national anchor,
LEV3_BAN_PHOUT_HEAT,CAPMF_positive_LEV3,Ban and phase out of fossil fuel heating systems,,,,True,True,False,False,False,False,Announcement/phase-out target score does not establish an operative binding ban by 2023,excluded,False,False,,,not_quantified,,not_applicable,,,,2019,2019,,,Conservative evidence-based eligibility screen; exclusion is not a claim of policy absence,
LEV3_BAN_PHOUT_ICE,CAPMF_positive_LEV3,Ban and phase out of passengers cars with ICE,,,,True,True,False,False,False,False,Announcement/phase-out target score does not establish an operative binding ban by 2023,excluded,False,False,,,not_quantified,,not_applicable,,,,2019,2019,,,Conservative evidence-based eligibility screen; exclusion is not a claim of policy absence,
LEV3_BC,CAPMF_positive_LEV3,Building energy codes,,,,True,True,True,True,True,True,,anchor_capmf,False,True,,,not_quantified,,not_applicable,,,,1991,1991,,CAPMF_PARTL_NONRES;CAPMF_PARTL_RES,Positive CAPMF category plus an identifiable instrument family/verified national anchor,
LEV3_CARBONTAX_B,CAPMF_positive_LEV3,Carbon tax - Buildings,,,,True,True,True,True,True,True,,anchor_capmf,False,True,,,not_quantified,,not_applicable,,,,2010,2010,,IRL_P0005,Positive CAPMF category plus an identifiable instrument family/verified national anchor,
LEV3_CARBONTAX_I,CAPMF_positive_LEV3,Carbon Tax - Industry,,,,True,True,True,True,True,True,,anchor_capmf,False,True,,,not_quantified,,not_applicable,,,,2010,2010,,IRL_P0005,Positive CAPMF category plus an identifiable instrument family/verified national anchor,
LEV3_CARBONTAX_T,CAPMF_positive_LEV3,Carbon tax - Transport,,,,True,True,True,True,True,True,,anchor_capmf,False,True,,,not_quantified,,not_applicable,,,,2010,2010,,IRL_P0005,Positive CAPMF category plus an identifiable instrument family/verified national anchor,
LEV3_EE_MANDATE,CAPMF_positive_LEV3,Energy efficiency mandates,,,,True,True,True,True,True,True,,anchor_capmf,False,True,,,not_quantified,,not_applicable,,,,2010,2010,,CAPMF_EE_AUDITS,Positive CAPMF category plus an identifiable instrument family/verified national anchor,
LEV3_EMIS_STD,CAPMF_positive_LEV3,Air emission standards,,,,False,True,True,False,False,False,Local-air-pollutant standards; mitigation objective or material GHG effect not established,excluded,False,False,,,not_quantified,,not_applicable,,,,1996,1996,,,Conservative evidence-based eligibility screen; exclusion is not a claim of policy absence,
LEV3_ETS_E,CAPMF_positive_LEV3,ETS - Electricity,,,,True,True,True,True,True,True,,anchor_capmf,False,True,,,not_quantified,,not_applicable,,,,2005,2005,,CAPMF_EU_ETS,Positive CAPMF category plus an identifiable instrument family/verified national anchor,
LEV3_ETS_I,CAPMF_positive_LEV3,ETS - Industry,,,,True,True,True,True,True,True,,anchor_capmf,False,True,,,not_quantified,,not_applicable,,,,2005,2005,,CAPMF_EU_ETS,Positive CAPMF category plus an identifiable instrument family/verified national anchor,
LEV3_EVAL_BR,CAPMF_positive_LEV3,Evaluation of Biennial Reports and Biennial Update Reports,,,,True,True,False,False,False,False,Reporting/compliance/participation metric rather than a discrete funded instrument or domestic framework law/target,excluded,False,False,,,not_quantified,,not_applicable,,,,2014,2014,,,Conservative evidence-based eligibility screen; exclusion is not a claim of policy absence,
LEV3_EXCISETAX_T,CAPMF_positive_LEV3,Fossil fuels excise taxes - Transport,,,,True,True,False,False,False,False,General fuel excise category; discrete climate-policy instrument and start not established; carbon tax separately retained,excluded,False,False,,,not_quantified,,not_applicable,,,,2000,2000,,,Conservative evidence-based eligibility screen; exclusion is not a claim of policy absence,
LEV3_EXP_RAIL,CAPMF_positive_LEV3,Share of rail on total surface transport public expenditure,,,,True,True,False,False,False,False,Spending-share statistic; named programme and legal/implementation start not identified,excluded,False,False,,,not_quantified,,not_applicable,,,,2000,2000,,,Conservative evidence-based eligibility screen; exclusion is not a claim of policy absence,
LEV3_FFS_B,CAPMF_positive_LEV3,Fossil fuels subsidies - Buildings,,,,True,True,False,False,False,False,Subsidy-support benchmark/absence measure; no distinct adopted mitigation intervention or implementation start identified,excluded,False,False,,,not_quantified,,not_applicable,,,,2010,2010,,,Conservative evidence-based eligibility screen; exclusion is not a claim of policy absence,
LEV3_FFS_E,CAPMF_positive_LEV3,Fossil Fuel Subsidies -  Electricity,,,,True,True,False,False,False,False,Subsidy-support benchmark/absence measure; no distinct adopted mitigation intervention or implementation start identified,excluded,False,False,,,not_quantified,,not_applicable,,,,2010,2010,,,Conservative evidence-based eligibility screen; exclusion is not a claim of policy absence,
LEV3_FFS_I,CAPMF_positive_LEV3,Fossil Fuel Subsidies - Industry,,,,True,True,False,False,False,False,Subsidy-support benchmark/absence measure; no distinct adopted mitigation intervention or implementation start identified,excluded,False,False,,,not_quantified,,not_applicable,,,,2010,2010,,,Conservative evidence-based eligibility screen; exclusion is not a claim of policy absence,
LEV3_FFS_PRODUCER,CAPMF_positive_LEV3,Fossil Fuel Subsidies Producer Support,,,,True,True,False,False,False,False,Subsidy-support benchmark/absence measure; no distinct adopted mitigation intervention or implementation start identified,excluded,False,False,,,not_quantified,,not_applicable,,,,2010,2010,,,Conservative evidence-based eligibility screen; exclusion is not a claim of policy absence,
LEV3_FFS_T,CAPMF_positive_LEV3,Fossil fuels subsidies - Transport,,,,True,True,False,False,False,False,Subsidy-support benchmark/absence measure; no distinct adopted mitigation intervention or implementation start identified,excluded,False,False,,,not_quantified,,not_applicable,,,,2010,2010,,,Conservative evidence-based eligibility screen; exclusion is not a claim of policy absence,
LEV3_FIN_MECH_B,CAPMF_positive_LEV3,Financing mechanisms available - Buildings,,,,True,True,True,True,True,True,,anchor_capmf,False,True,,,not_quantified,,not_applicable,,,,2010,2010,,IRL_P0002;IRL_P0017;IRL_P0031;RES_Buildings,Positive CAPMF category plus an identifiable instrument family/verified national anchor,
LEV3_FIN_MECH_I,CAPMF_positive_LEV3,Financing mechanisms available - Industry,,,,True,True,True,True,True,True,,anchor_capmf,False,True,,,not_quantified,,not_applicable,,,,2010,2010,,IRL_P0002;RES_Industry,Positive CAPMF category plus an identifiable instrument family/verified national anchor,
LEV3_FIT,CAPMF_positive_LEV3,Feed-In-Tariffs,,,,True,True,True,True,True,True,,anchor_capmf,False,True,,,not_quantified,,not_applicable,,,,2006,2006,,IRL_P0026,Positive CAPMF category plus an identifiable instrument family/verified national anchor,
LEV3_GHG_ACC,CAPMF_positive_LEV3,GHG emissions reporting and accounting,,,,True,True,False,False,False,False,Reporting/compliance/participation metric rather than a discrete funded instrument or domestic framework law/target,excluded,False,False,,,not_quantified,,not_applicable,,,,2008,2008,,,Conservative evidence-based eligibility screen; exclusion is not a claim of policy absence,
LEV3_INT_INIT,CAPMF_positive_LEV3,Participation in international climate initiatives,,,,True,True,False,False,False,False,Reporting/compliance/participation metric rather than a discrete funded instrument or domestic framework law/target,excluded,False,False,,,not_quantified,,not_applicable,,,,2013,2013,,,Conservative evidence-based eligibility screen; exclusion is not a claim of policy absence,
LEV3_LABEL_APPL,CAPMF_positive_LEV3,Mandatory energy labels for appliances,,,,True,True,True,True,True,True,,anchor_capmf,False,True,,,not_quantified,,not_applicable,,,,1995,1995,,CAPMF_LABEL_APPL,Positive CAPMF category plus an identifiable instrument family/verified national anchor,
LEV3_LABEL_CAR,CAPMF_positive_LEV3,Labels for vehicles,,,,True,True,True,True,True,True,,anchor_capmf,False,True,,,not_quantified,,not_applicable,,,,1999,1999,,CAPMF_LABEL_CAR,Positive CAPMF category plus an identifiable instrument family/verified national anchor,
LEV3_MEPS_APPL,CAPMF_positive_LEV3,MEPS of appliances,,,,True,True,True,True,True,True,,anchor_capmf,False,True,,,not_quantified,,not_applicable,,,,1996,1996,,CAPMF_MEPS_APPL,Positive CAPMF category plus an identifiable instrument family/verified national anchor,
LEV3_MEPS_MOTOR,CAPMF_positive_LEV3,MEPS for electric motors,,,,True,True,True,True,True,True,,anchor_capmf,False,True,,,not_quantified,,not_applicable,,,,2011,2011,,CAPMF_MEPS_MOTOR,Positive CAPMF category plus an identifiable instrument family/verified national anchor,
LEV3_MEPS_T,CAPMF_positive_LEV3,MEPS Transport,,,,True,True,True,True,True,True,,anchor_capmf,False,True,,,not_quantified,,not_applicable,,,,2009,2009,,IRL_P0020,Positive CAPMF category plus an identifiable instrument family/verified national anchor,
LEV3_NDC,CAPMF_positive_LEV3,Nationally Determined Contributions,,,,True,True,False,False,False,False,Composite international/EU commitment category; discrete Irish operational target chronology not resolved in this release,excluded,False,False,,,not_quantified,,not_applicable,,,,2016,2016,,,Conservative evidence-based eligibility screen; exclusion is not a claim of policy absence,
LEV3_NZ,CAPMF_positive_LEV3,Net Zero Targets,,,,True,True,True,True,True,True,,anchor_capmf,False,True,,,not_quantified,,not_applicable,,,,2019,2019,,CAPMF_ACT_2021;CAPMF_CARBON_BUDGETS;CAPMF_NET_ZERO;CAPMF_SECTOR_CEILINGS,Positive CAPMF category plus an identifiable instrument family/verified national anchor,
LEV3_PR_AV_MAR,CAPMF_positive_LEV3,Pricing of emissions from international aviation and maritime transport,,,,True,True,True,True,True,True,,anchor_capmf,False,True,,,not_quantified,,not_applicable,,,,2012,2012,,CAPMF_EU_ETS,Positive CAPMF category plus an identifiable instrument family/verified national anchor,
LEV3_RDD_CCS,CAPMF_positive_LEV3,RD&D expenditure - Carbon Capture and Storage,,,,True,True,False,False,False,False,RD&D expenditure category; named funded intervention and implementation start not identified from these inputs,excluded,False,False,,,not_quantified,,not_applicable,,,,2010,2010,,,Conservative evidence-based eligibility screen; exclusion is not a claim of policy absence,
LEV3_RDD_EE,CAPMF_positive_LEV3,RD&D expenditure - Energy Efficiency,,,,True,True,False,False,False,False,RD&D expenditure category; named funded intervention and implementation start not identified from these inputs,excluded,False,False,,,not_quantified,,not_applicable,,,,1990,1990,,,Conservative evidence-based eligibility screen; exclusion is not a claim of policy absence,
LEV3_RDD_HYDR,CAPMF_positive_LEV3,RD&D expenditure - Hydrogen,,,,True,True,False,False,False,False,RD&D expenditure category; named funded intervention and implementation start not identified from these inputs,excluded,False,False,,,not_quantified,,not_applicable,,,,2010,2010,,,Conservative evidence-based eligibility screen; exclusion is not a claim of policy absence,
LEV3_RDD_NUC,CAPMF_positive_LEV3,RD&D expenditure - Nuclear,,,,True,True,False,False,False,False,RD&D expenditure category; named funded intervention and implementation start not identified from these inputs,excluded,False,False,,,not_quantified,,not_applicable,,,,2004,2004,,,Conservative evidence-based eligibility screen; exclusion is not a claim of policy absence,
LEV3_RDD_OTHER,CAPMF_positive_LEV3,RD&D expenditure - Other storage,,,,True,True,False,False,False,False,RD&D expenditure category; named funded intervention and implementation start not identified from these inputs,excluded,False,False,,,not_quantified,,not_applicable,,,,1990,1990,,,Conservative evidence-based eligibility screen; exclusion is not a claim of policy absence,
LEV3_RDD_RES,CAPMF_positive_LEV3,RD&D expenditure - Renewable energy,,,,True,True,False,False,False,False,RD&D expenditure category; named funded intervention and implementation start not identified from these inputs,excluded,False,False,,,not_quantified,,not_applicable,,,,1990,1990,,,Conservative evidence-based eligibility screen; exclusion is not a claim of policy absence,
LEV3_RENEWABLE_EXP,CAPMF_positive_LEV3,Planning for renewables expansion,,,,True,True,False,False,False,False,Planning/strategy category alone fails the funded/binding intervention criterion; relevant context retained with electricity portfolio,excluded,False,False,,,not_quantified,,not_applicable,,,,2010,2010,,,Conservative evidence-based eligibility screen; exclusion is not a claim of policy absence,
LEV3_SPEED,CAPMF_positive_LEV3,Speed limits on motorways,,,,False,True,True,False,False,False,General road-safety rule; explicit mitigation objective or material reported mitigation effect not established,excluded,False,False,,,not_quantified,,not_applicable,,,,2000,2000,,,Conservative evidence-based eligibility screen; exclusion is not a claim of policy absence,
LEV3_TREATY,CAPMF_positive_LEV3,Ratification of key international climate treaties,,,,True,True,False,False,False,False,Composite international/EU commitment category; discrete Irish operational target chronology not resolved in this release,excluded,False,False,,,not_quantified,,not_applicable,,,,1990,1990,,,Conservative evidence-based eligibility screen; exclusion is not a claim of policy absence,
LEV3_UNFCCC,CAPMF_positive_LEV3,Submission of key UNFCCC documents,,,,True,True,False,False,False,False,Reporting/compliance/participation metric rather than a discrete funded instrument or domestic framework law/target,excluded,False,False,,,not_quantified,,not_applicable,,,,1994,1994,,,Conservative evidence-based eligibility screen; exclusion is not a claim of policy absence,
